-- AUTO-GENERATED by scripts/generate_seed.py — do not edit by hand.
-- Seeds both exams with all questions, options and correct answers.
begin;

-- ===== Dijital Okuryazarlık — Final & Önceki Yıllar (29 questions) =====
insert into public.exams (id, slug, title, description, question_count) values
  ('47ec4fd4-5b56-58c9-abc3-39e3431183df', 'final-onceki-yillar', 'Dijital Okuryazarlık — Final & Önceki Yıllar', 'Final 2022-2023 ve önceki yıllarda çıkmış sorular (tekrarsız).', 29)
on conflict (id) do update set title=excluded.title, description=excluded.description, question_count=excluded.question_count;

insert into public.questions (id, exam_id, question_number, question_text) values
  ('5e6bb129-16b9-5700-8fe6-ac459ad76391', '47ec4fd4-5b56-58c9-abc3-39e3431183df', 1, 'Aşağıdakilerden hangisi tablet kullanırken genelde kullandığımız özelliklerden biri değildir?')
on conflict (id) do update set question_text=excluded.question_text, question_number=excluded.question_number;
insert into public.question_options (id, question_id, option_label, option_text, is_correct, sort_order) values
  ('32f99b6f-c3f4-5ba6-8605-999bdb0e9fc3', '5e6bb129-16b9-5700-8fe6-ac459ad76391', 'A', 'Her ortama taşıyabilmek', false, 0),
  ('6cfa18fa-1e1e-51a8-916c-f5b41c29df49', '5e6bb129-16b9-5700-8fe6-ac459ad76391', 'B', 'Uygulamaları tablete indirip kullanmak', false, 1),
  ('2e219908-4003-51eb-a417-7a4e64d30dfa', '5e6bb129-16b9-5700-8fe6-ac459ad76391', 'C', 'İnternet bağlantısı', false, 2),
  ('bc15edd1-7983-522d-a17d-e57feca99d0a', '5e6bb129-16b9-5700-8fe6-ac459ad76391', 'D', 'Fiziksel klavye', true, 3),
  ('858d1ede-ea47-5d5b-ad86-a79bf51fd871', '5e6bb129-16b9-5700-8fe6-ac459ad76391', 'E', 'Ekran etkileşimi', false, 4)
on conflict (id) do update set option_text=excluded.option_text, is_correct=excluded.is_correct, sort_order=excluded.sort_order;

insert into public.questions (id, exam_id, question_number, question_text) values
  ('cc23c0ce-d563-5376-a882-30312079d26c', '47ec4fd4-5b56-58c9-abc3-39e3431183df', 2, 'Etik davranış sergileyen dijital okuryazar bir bireyden aşağıdaki davranışlardan hangileri beklenmektedir?
1. Dijital araçları sorumluluk bilinciyle kullanır.
2. Teknolojiyi ve dijital araçları doğru kullanır.
3. Zorbalık, nefret söylemi ve kişisel hakaret faaliyetlerinin çevrimiçi ortamda yayılmasını destekler.
4. İnternet kullanımıyla ilgili kurallar belirler, zaman sınırlaması yapar.
5. Dijital araçları güvenlik hissiyatıyla tüketir.')
on conflict (id) do update set question_text=excluded.question_text, question_number=excluded.question_number;
insert into public.question_options (id, question_id, option_label, option_text, is_correct, sort_order) values
  ('6ab0401a-47ed-595e-b505-11cbf8ed4b73', 'cc23c0ce-d563-5376-a882-30312079d26c', 'A', '3, 4 ve 5', false, 0),
  ('f2711222-b30e-55ef-9e1b-e5dd81a5477a', 'cc23c0ce-d563-5376-a882-30312079d26c', 'B', '1, 2, 4 ve 5', true, 1),
  ('33278f3b-a595-517a-9a53-7d48a6817bc6', 'cc23c0ce-d563-5376-a882-30312079d26c', 'C', '2 ve 3', false, 2),
  ('4835c485-1014-50df-92ba-a98ef9944f54', 'cc23c0ce-d563-5376-a882-30312079d26c', 'D', '1, 2 ve 3', false, 3),
  ('46100cf1-0f9f-5b09-88c3-b69e22e9c244', 'cc23c0ce-d563-5376-a882-30312079d26c', 'E', 'Hepsi', false, 4)
on conflict (id) do update set option_text=excluded.option_text, is_correct=excluded.is_correct, sort_order=excluded.sort_order;

insert into public.questions (id, exam_id, question_number, question_text) values
  ('eff344f8-d8fe-5047-ac35-77e9d9505036', '47ec4fd4-5b56-58c9-abc3-39e3431183df', 3, 'Dijital Çağ''da 1980''den sonra doğan bireyleri tanımlamak için kullanılan kavram aşağıdakilerden hangisidir?')
on conflict (id) do update set question_text=excluded.question_text, question_number=excluded.question_number;
insert into public.question_options (id, question_id, option_label, option_text, is_correct, sort_order) values
  ('aceb10cf-c70c-5c9d-ba26-2d1e3a370707', 'eff344f8-d8fe-5047-ac35-77e9d9505036', 'A', 'Dijital Yerli', true, 0),
  ('716311d3-b17e-568f-9550-b868410077cb', 'eff344f8-d8fe-5047-ac35-77e9d9505036', 'B', 'Postmodern', false, 1),
  ('83d49d0f-6e53-524d-8593-620df16224e3', 'eff344f8-d8fe-5047-ac35-77e9d9505036', 'C', 'Dijital Göçmen', false, 2),
  ('04b12784-50ba-560f-8c59-918f224d21aa', 'eff344f8-d8fe-5047-ac35-77e9d9505036', 'D', 'Distopyan', false, 3),
  ('65544baf-f873-56be-9fbe-3d87cb072dc3', 'eff344f8-d8fe-5047-ac35-77e9d9505036', 'E', 'Ütopyan', false, 4)
on conflict (id) do update set option_text=excluded.option_text, is_correct=excluded.is_correct, sort_order=excluded.sort_order;

insert into public.questions (id, exam_id, question_number, question_text) values
  ('38eec2a8-d2d7-5aaa-b722-0a7c9552f5a3', '47ec4fd4-5b56-58c9-abc3-39e3431183df', 4, 'Aşağıdakilerden hangisi günümüzde geleneksel teknolojiler olarak değerlendirilemez?')
on conflict (id) do update set question_text=excluded.question_text, question_number=excluded.question_number;
insert into public.question_options (id, question_id, option_label, option_text, is_correct, sort_order) values
  ('d19b3a30-b33c-597e-8cd2-92a2a9337d50', '38eec2a8-d2d7-5aaa-b722-0a7c9552f5a3', 'A', 'Bulut Bilişim', true, 0),
  ('8f7f4244-0647-56be-9b36-81149c83f8f2', '38eec2a8-d2d7-5aaa-b722-0a7c9552f5a3', 'B', 'Müzik Setleri', false, 1),
  ('f78c5aa5-791d-5627-a32f-b73781d979d6', '38eec2a8-d2d7-5aaa-b722-0a7c9552f5a3', 'C', 'İnternet erişimi olmayan hücresel telefonlar', false, 2),
  ('32c77c22-d46c-5276-9d98-7c58ad45ec3a', '38eec2a8-d2d7-5aaa-b722-0a7c9552f5a3', 'D', 'Radyo', false, 3),
  ('0bbe05cd-ebc7-50de-be61-2dc85914251b', '38eec2a8-d2d7-5aaa-b722-0a7c9552f5a3', 'E', 'Kablolu Telefonlar', false, 4)
on conflict (id) do update set option_text=excluded.option_text, is_correct=excluded.is_correct, sort_order=excluded.sort_order;

insert into public.questions (id, exam_id, question_number, question_text) values
  ('3e8ad28e-e8f9-5384-8efc-00282e4acac2', '47ec4fd4-5b56-58c9-abc3-39e3431183df', 5, 'Aşağıdakilerden hangisi, sosyal ağ uygulamalarının genel özelliklerinden biri değildir?')
on conflict (id) do update set question_text=excluded.question_text, question_number=excluded.question_number;
insert into public.question_options (id, question_id, option_label, option_text, is_correct, sort_order) values
  ('1e96b890-8161-5cf3-a1bf-eeddf74f9ba0', '3e8ad28e-e8f9-5384-8efc-00282e4acac2', 'A', 'Kullanıcıların profil yaratmaları', false, 0),
  ('e95c484a-97ba-516e-9907-d4aa4e99c452', '3e8ad28e-e8f9-5384-8efc-00282e4acac2', 'B', 'Etiketler ile yorum yapılması', false, 1),
  ('46247700-a19e-5e4a-8eb3-14444b6a0a6f', '3e8ad28e-e8f9-5384-8efc-00282e4acac2', 'C', 'Üyelik için diğer kullanıcılardan davet gerekmesi', true, 2),
  ('79fb0bd6-908c-51b1-96eb-9f2e7a3cdd92', '3e8ad28e-e8f9-5384-8efc-00282e4acac2', 'D', 'Diğer kullanıcılar ile bağlantı kurulması', false, 3),
  ('8476eb5f-d5c2-5d11-b21e-96aa3cb8af93', '3e8ad28e-e8f9-5384-8efc-00282e4acac2', 'E', 'Sanal topluluk ve grupların oluşması', false, 4)
on conflict (id) do update set option_text=excluded.option_text, is_correct=excluded.is_correct, sort_order=excluded.sort_order;

insert into public.questions (id, exam_id, question_number, question_text) values
  ('b834aa2a-19ea-53ef-9681-9313b33f38c9', '47ec4fd4-5b56-58c9-abc3-39e3431183df', 6, 'Aşağıdakilerden hangileri bulut bilişimin genel özelliklerindendir?
1. Geniş ağ erişimi
2. Ölçülebilir hizmet
3. Kaynak havuzu
4. Çabukluk ve esneklik
5. Kendi kendine hizmet')
on conflict (id) do update set question_text=excluded.question_text, question_number=excluded.question_number;
insert into public.question_options (id, question_id, option_label, option_text, is_correct, sort_order) values
  ('e50b5e7a-84a4-52aa-b6d8-3baf56d6bef6', 'b834aa2a-19ea-53ef-9681-9313b33f38c9', 'A', '1, 2 ve 3', false, 0),
  ('93d4045f-468c-53f2-9f49-197cd939c1e0', 'b834aa2a-19ea-53ef-9681-9313b33f38c9', 'B', '1 ve 2', false, 1),
  ('43547cb1-94df-5900-b17c-61cc8122d231', 'b834aa2a-19ea-53ef-9681-9313b33f38c9', 'C', '3, 4 ve 5', false, 2),
  ('b1f15f79-89ed-5b38-aa62-54979191e296', 'b834aa2a-19ea-53ef-9681-9313b33f38c9', 'D', '1, 4 ve 5', false, 3),
  ('5d486d54-e181-516a-a799-d814f8daf744', 'b834aa2a-19ea-53ef-9681-9313b33f38c9', 'E', 'Hepsi', true, 4)
on conflict (id) do update set option_text=excluded.option_text, is_correct=excluded.is_correct, sort_order=excluded.sort_order;

insert into public.questions (id, exam_id, question_number, question_text) values
  ('104250a9-d8b9-5289-b7e5-739abd58f6de', '47ec4fd4-5b56-58c9-abc3-39e3431183df', 7, 'Aşağıdakilerden hangisi sınırdaki teknolojiler içerisinde yer alamaz?')
on conflict (id) do update set question_text=excluded.question_text, question_number=excluded.question_number;
insert into public.question_options (id, question_id, option_label, option_text, is_correct, sort_order) values
  ('4d1fe2b6-da49-57d8-9a5c-66bb80c8914d', '104250a9-d8b9-5289-b7e5-739abd58f6de', 'A', 'Bilgisayarla Görü', true, 0),
  ('3c459b01-e933-5dba-8e36-18c237fe5128', '104250a9-d8b9-5289-b7e5-739abd58f6de', 'B', 'İnsansız Araçlar', false, 1),
  ('a3d7d7d6-291c-5041-bd9e-120a66618afd', '104250a9-d8b9-5289-b7e5-739abd58f6de', 'C', 'Dijital Koku Teknolojisi', false, 2),
  ('45e29bee-535e-5c32-a3a5-bc331f871e33', '104250a9-d8b9-5289-b7e5-739abd58f6de', 'D', 'Giyilebilir Bilgisayarlar', false, 3),
  ('dca1c20c-d707-5044-83cb-7777f730c1ef', '104250a9-d8b9-5289-b7e5-739abd58f6de', 'E', 'Akıllı Kişisel Yardımcılar', false, 4)
on conflict (id) do update set option_text=excluded.option_text, is_correct=excluded.is_correct, sort_order=excluded.sort_order;

insert into public.questions (id, exam_id, question_number, question_text) values
  ('46b926c6-df53-58ac-93a6-6cfcaecb36bd', '47ec4fd4-5b56-58c9-abc3-39e3431183df', 8, 'Aşağıdakilerden hangisi, sosyal medya platformlarında elektronik ticaretle ilgili bir kullanımdır?')
on conflict (id) do update set question_text=excluded.question_text, question_number=excluded.question_number;
insert into public.question_options (id, question_id, option_label, option_text, is_correct, sort_order) values
  ('e22f141a-5ccc-50ed-a9f8-d10eace3c4c2', '46b926c6-df53-58ac-93a6-6cfcaecb36bd', 'A', 'Ders etkinlikleri için grup oluşturma', false, 0),
  ('265d3c71-a9af-5c40-a802-dd68d47d9338', '46b926c6-df53-58ac-93a6-6cfcaecb36bd', 'B', 'İş ilanına başvurma', false, 1),
  ('c42d343f-cf6f-5965-baff-7607037741d4', '46b926c6-df53-58ac-93a6-6cfcaecb36bd', 'C', 'Tanıdıklara ürün tavsiye etme', true, 2),
  ('6444802a-154d-524d-9a74-7b58106d89ce', '46b926c6-df53-58ac-93a6-6cfcaecb36bd', 'D', 'Ortak ilgi alanına sahip kişilerle haberleşme', false, 3),
  ('6e29b3f5-c4e4-58ac-abca-924ea41a9f44', '46b926c6-df53-58ac-93a6-6cfcaecb36bd', 'E', 'Sosyal organizasyonları takip etme', false, 4)
on conflict (id) do update set option_text=excluded.option_text, is_correct=excluded.is_correct, sort_order=excluded.sort_order;

insert into public.questions (id, exam_id, question_number, question_text) values
  ('6efe9229-1d09-5b84-a976-6aa5f2de8e79', '47ec4fd4-5b56-58c9-abc3-39e3431183df', 9, 'İnternet üzerinde bir hizmet olarak sanallaştırılmış, ölçeklendirilebilir kaynakları ifade eden bilişim sistemi aşağıdakilerden hangisidir?')
on conflict (id) do update set question_text=excluded.question_text, question_number=excluded.question_number;
insert into public.question_options (id, question_id, option_label, option_text, is_correct, sort_order) values
  ('aed9af82-75eb-5bfa-9e96-977b60b11aca', '6efe9229-1d09-5b84-a976-6aa5f2de8e79', 'A', 'Bilgi sistemleri', false, 0),
  ('b0edc9f1-bca4-57e0-a53e-31d1cbcc9332', '6efe9229-1d09-5b84-a976-6aa5f2de8e79', 'B', 'Bulut bilişim', true, 1),
  ('cb0ce8c1-5aba-51cc-b048-ec233cd8db49', '6efe9229-1d09-5b84-a976-6aa5f2de8e79', 'C', 'Karar destek sistemleri', false, 2),
  ('6cae877d-f507-579c-a58a-07a01216d3c0', '6efe9229-1d09-5b84-a976-6aa5f2de8e79', 'D', 'Yönetim bilişim sistemleri', false, 3),
  ('be8ce396-ef35-5bc0-8b9b-fababcb6d6b1', '6efe9229-1d09-5b84-a976-6aa5f2de8e79', 'E', 'Hiçbiri', false, 4)
on conflict (id) do update set option_text=excluded.option_text, is_correct=excluded.is_correct, sort_order=excluded.sort_order;

insert into public.questions (id, exam_id, question_number, question_text) values
  ('aed02d35-2e86-57b3-ae6d-129b2e387060', '47ec4fd4-5b56-58c9-abc3-39e3431183df', 10, 'YouTube''da aşağıdakilerden hangisini siteye üye olmadan yapabilirsiniz?')
on conflict (id) do update set question_text=excluded.question_text, question_number=excluded.question_number;
insert into public.question_options (id, question_id, option_label, option_text, is_correct, sort_order) values
  ('cb69a9b6-b7c7-5a6b-8709-ca7b9ce2a5e7', 'aed02d35-2e86-57b3-ae6d-129b2e387060', 'A', 'Yayınlanan videolara yorum yap', false, 0),
  ('0bb3c934-e631-5ad8-a16f-b899f5e62e95', 'aed02d35-2e86-57b3-ae6d-129b2e387060', 'B', 'Video oluşturmak', false, 1),
  ('88140afa-45be-5126-abfb-911706c9dd4b', 'aed02d35-2e86-57b3-ae6d-129b2e387060', 'C', 'Video izlemek', true, 2),
  ('37ce2e21-2591-5979-a397-e7287013efdd', 'aed02d35-2e86-57b3-ae6d-129b2e387060', 'D', 'Kendine ait kanal oluşturmak', false, 3),
  ('230572ca-f408-5978-8554-ea669eaad18c', 'aed02d35-2e86-57b3-ae6d-129b2e387060', 'E', 'Video yüklemek', false, 4)
on conflict (id) do update set option_text=excluded.option_text, is_correct=excluded.is_correct, sort_order=excluded.sort_order;

insert into public.questions (id, exam_id, question_number, question_text) values
  ('655671c7-6e11-5ae4-ab15-fae6616179ef', '47ec4fd4-5b56-58c9-abc3-39e3431183df', 11, 'İnsanlık tarihinde gerçekleşen gelişmelerden hangisi diğerlerinden önce gerçekleşmiştir?')
on conflict (id) do update set question_text=excluded.question_text, question_number=excluded.question_number;
insert into public.question_options (id, question_id, option_label, option_text, is_correct, sort_order) values
  ('0f936c5b-3d2d-523b-853e-40e7e5202e31', '655671c7-6e11-5ae4-ab15-fae6616179ef', 'A', 'Barınak inşa edilmesi', false, 0),
  ('c68e4def-6355-5faa-84c7-38533d1de381', '655671c7-6e11-5ae4-ab15-fae6616179ef', 'B', 'Tarım yapılması', false, 1),
  ('fac34a58-e6c0-56e6-ac1a-2aeabcf2623f', '655671c7-6e11-5ae4-ab15-fae6616179ef', 'C', 'Hayvanların evcilleştirilmesi', false, 2),
  ('f9ac5ecd-1cee-5b65-85d5-0ed791505658', '655671c7-6e11-5ae4-ab15-fae6616179ef', 'D', 'Çevredeki yiyeceklerin toplanması', true, 3),
  ('7e813e2e-8fbb-5ece-8fea-cfa717406749', '655671c7-6e11-5ae4-ab15-fae6616179ef', 'E', 'Hayvancılık yapılması', false, 4)
on conflict (id) do update set option_text=excluded.option_text, is_correct=excluded.is_correct, sort_order=excluded.sort_order;

insert into public.questions (id, exam_id, question_number, question_text) values
  ('8a0f125d-2b67-5c76-aa61-5c82892aa181', '47ec4fd4-5b56-58c9-abc3-39e3431183df', 12, 'Bulut bilişimin çok sayıda faydası bulunduğu bilinmekte ancak bunun yanında bazı sınırlılıkları mevcuttur. Aşağıdakilerden hangisi bulut bilişimin sınırlılığıdır?')
on conflict (id) do update set question_text=excluded.question_text, question_number=excluded.question_number;
insert into public.question_options (id, question_id, option_label, option_text, is_correct, sort_order) values
  ('024362c1-88d2-570f-81a0-b79f0f457349', '8a0f125d-2b67-5c76-aa61-5c82892aa181', 'A', 'Çevre birimleri', false, 0),
  ('b9b48791-91e7-5572-845f-2273a93e4fc1', '8a0f125d-2b67-5c76-aa61-5c82892aa181', 'B', 'Güvenlik', false, 1),
  ('2edf983a-1f06-5e7e-8077-514a94fe6ebe', '8a0f125d-2b67-5c76-aa61-5c82892aa181', 'C', 'Maliyet', false, 2),
  ('30959290-e13c-53ae-9975-19f4956c38ef', '8a0f125d-2b67-5c76-aa61-5c82892aa181', 'D', 'Yasal sorunlar', false, 3),
  ('53925c50-9ab8-5627-b01e-eff353a53800', '8a0f125d-2b67-5c76-aa61-5c82892aa181', 'E', 'Hepsi', true, 4)
on conflict (id) do update set option_text=excluded.option_text, is_correct=excluded.is_correct, sort_order=excluded.sort_order;

insert into public.questions (id, exam_id, question_number, question_text) values
  ('5413c5c9-0b64-50b0-b86e-6da320eac0d3', '47ec4fd4-5b56-58c9-abc3-39e3431183df', 13, 'İnsanlık tarihi süreçlerinde baskın olan olgu ile toplum türleri isimlendirilmiştir. Aşağıdakilerden hangisi bu toplum türlerinden biri değildir?')
on conflict (id) do update set question_text=excluded.question_text, question_number=excluded.question_number;
insert into public.question_options (id, question_id, option_label, option_text, is_correct, sort_order) values
  ('7860f45a-55f1-5135-b518-1e1d5d4a1dae', '5413c5c9-0b64-50b0-b86e-6da320eac0d3', 'A', 'Sanayi toplumu', false, 0),
  ('980074d5-49e3-5892-a836-a9778e0de30f', '5413c5c9-0b64-50b0-b86e-6da320eac0d3', 'B', 'Tarım toplumu', false, 1),
  ('5baee029-75cc-520b-86ff-cafa80c7cf40', '5413c5c9-0b64-50b0-b86e-6da320eac0d3', 'C', 'Avcı-toplayıcı toplum', false, 2),
  ('c9764fcd-85a6-5ef8-8477-e40d9a91d670', '5413c5c9-0b64-50b0-b86e-6da320eac0d3', 'D', 'Ekonomik toplum', true, 3),
  ('8d0b04a1-789a-5584-b78e-422885376504', '5413c5c9-0b64-50b0-b86e-6da320eac0d3', 'E', 'Bilgi toplumu', false, 4)
on conflict (id) do update set option_text=excluded.option_text, is_correct=excluded.is_correct, sort_order=excluded.sort_order;

insert into public.questions (id, exam_id, question_number, question_text) values
  ('b4855048-5234-5be8-a0ee-982ee8898a2b', '47ec4fd4-5b56-58c9-abc3-39e3431183df', 14, '1. İşbölümünün yaygınlaşması
2. Seri üretime geçilmesi
3. Standartlaşmanın gerçekleşmesi
Yukarıdakilerin hangisi/leri sanayi devriminin sonuçlarındandır?')
on conflict (id) do update set question_text=excluded.question_text, question_number=excluded.question_number;
insert into public.question_options (id, question_id, option_label, option_text, is_correct, sort_order) values
  ('4779f87d-a6ee-5feb-a02e-9b7e85c4392c', 'b4855048-5234-5be8-a0ee-982ee8898a2b', 'A', 'Yalnız 1', false, 0),
  ('5f0b822b-efc5-58ed-bae5-f99d4dca8940', 'b4855048-5234-5be8-a0ee-982ee8898a2b', 'B', '2 ve 3', false, 1),
  ('dc010334-b243-58d9-bc9c-ab65798e8d36', 'b4855048-5234-5be8-a0ee-982ee8898a2b', 'C', 'Yalnız 2', false, 2),
  ('e70f9695-8ad7-59d2-a587-520ff99599fc', 'b4855048-5234-5be8-a0ee-982ee8898a2b', 'D', '1 ve 2', false, 3),
  ('6bbaf5a4-4a2d-5ebe-9479-d50fea0ed037', 'b4855048-5234-5be8-a0ee-982ee8898a2b', 'E', 'Hepsi', true, 4)
on conflict (id) do update set option_text=excluded.option_text, is_correct=excluded.is_correct, sort_order=excluded.sort_order;

insert into public.questions (id, exam_id, question_number, question_text) values
  ('1048693a-c173-5b79-90d3-5a94b118d452', '47ec4fd4-5b56-58c9-abc3-39e3431183df', 15, 'Bilinçli bir dijital okuryazarlık kültürünün oluşumunu şekillendiren en temel hususlardan biri ........ dır.')
on conflict (id) do update set question_text=excluded.question_text, question_number=excluded.question_number;
insert into public.question_options (id, question_id, option_label, option_text, is_correct, sort_order) values
  ('ec4f19fb-9de8-5ce8-a821-a971d07ef861', '1048693a-c173-5b79-90d3-5a94b118d452', 'A', 'eleştirel düşünme', true, 0),
  ('067db646-de2f-53b0-98ab-8a2f61c447eb', '1048693a-c173-5b79-90d3-5a94b118d452', 'B', 'yazılım geliştirmek', false, 1),
  ('687ce320-5ed1-54af-aa61-ee02a1fd1566', '1048693a-c173-5b79-90d3-5a94b118d452', 'C', 'okuma alışkanlığı', false, 2),
  ('9d568908-0cc0-50bc-bf20-09d6f84f4d63', '1048693a-c173-5b79-90d3-5a94b118d452', 'D', 'verimli çalışmak', false, 3),
  ('850ac9b7-ba00-586a-905b-f876be526cb4', '1048693a-c173-5b79-90d3-5a94b118d452', 'E', 'hiçbiri', false, 4)
on conflict (id) do update set option_text=excluded.option_text, is_correct=excluded.is_correct, sort_order=excluded.sort_order;

insert into public.questions (id, exam_id, question_number, question_text) values
  ('0709d7bf-e317-5af8-92de-a680e11842c1', '47ec4fd4-5b56-58c9-abc3-39e3431183df', 16, 'Aşağıdaki araçlardan hangisi giyilebilir teknoloji kategorisindedir?')
on conflict (id) do update set question_text=excluded.question_text, question_number=excluded.question_number;
insert into public.question_options (id, question_id, option_label, option_text, is_correct, sort_order) values
  ('cc6cfee9-eca8-5d22-9b7a-1e5e3881cd9f', '0709d7bf-e317-5af8-92de-a680e11842c1', 'A', 'Dizüstü bilgisayarlar', false, 0),
  ('8cbea6f7-f582-52ac-b482-3774fa6c0b82', '0709d7bf-e317-5af8-92de-a680e11842c1', 'B', 'Tablet bilgisayarlar', false, 1),
  ('f8459f34-8daa-523b-8fe9-3a1664f98610', '0709d7bf-e317-5af8-92de-a680e11842c1', 'C', 'Akıllı gözlükler', true, 2),
  ('97324dbc-4f30-5a9a-8b9e-70a17c5881e3', '0709d7bf-e317-5af8-92de-a680e11842c1', 'D', 'Şarj edilebilir bataryalar', false, 3),
  ('281e7ce8-c2bc-57b8-a495-9d87251b6b3d', '0709d7bf-e317-5af8-92de-a680e11842c1', 'E', 'Akıllı telefonlar', false, 4)
on conflict (id) do update set option_text=excluded.option_text, is_correct=excluded.is_correct, sort_order=excluded.sort_order;

insert into public.questions (id, exam_id, question_number, question_text) values
  ('22ebf02e-2cd2-56f2-9038-59b8af499f8e', '47ec4fd4-5b56-58c9-abc3-39e3431183df', 17, 'Aşağıdakilerden hangisi bulut bilişim hizmetlerinden biri değildir?')
on conflict (id) do update set question_text=excluded.question_text, question_number=excluded.question_number;
insert into public.question_options (id, question_id, option_label, option_text, is_correct, sort_order) values
  ('f27bdce2-1996-5d0a-a137-fcd2f8805f90', '22ebf02e-2cd2-56f2-9038-59b8af499f8e', 'A', 'Altyapı hizmeti', false, 0),
  ('04678a10-d5ae-540a-b39c-e65c4683c3f8', '22ebf02e-2cd2-56f2-9038-59b8af499f8e', 'B', 'Planlama hizmeti', true, 1),
  ('9b437c32-aea7-52b8-9c8b-16eda0c3522a', '22ebf02e-2cd2-56f2-9038-59b8af499f8e', 'C', 'Veri tabanı hizmeti', false, 2),
  ('026fd089-8593-583b-86da-ac3039416a26', '22ebf02e-2cd2-56f2-9038-59b8af499f8e', 'D', 'Depolama hizmeti', false, 3),
  ('ef13e9ab-d17f-56fe-8146-8f5fe139a184', '22ebf02e-2cd2-56f2-9038-59b8af499f8e', 'E', 'Yazılım hizmeti', false, 4)
on conflict (id) do update set option_text=excluded.option_text, is_correct=excluded.is_correct, sort_order=excluded.sort_order;

insert into public.questions (id, exam_id, question_number, question_text) values
  ('d36d2147-31f0-5f9d-9731-a797dfd971a3', '47ec4fd4-5b56-58c9-abc3-39e3431183df', 18, 'Aşağıdakilerden hangisi "Kitlesel Açık Çevrim içi Ders"lerin sağladığı temel faydalardan biri değildir?')
on conflict (id) do update set question_text=excluded.question_text, question_number=excluded.question_number;
insert into public.question_options (id, question_id, option_label, option_text, is_correct, sort_order) values
  ('cca7231d-68cd-553c-9735-5b7335443d35', 'd36d2147-31f0-5f9d-9731-a797dfd971a3', 'A', 'İçeriğin katılımcılar tarafından paylaşılabilir olması', false, 0),
  ('d7d89637-ba51-5280-aefb-50db5ab82985', 'd36d2147-31f0-5f9d-9731-a797dfd971a3', 'B', 'Yaşam boyu öğrenme becerilerini geliştirmesi', false, 1),
  ('8c3f018e-f686-5093-b966-65a323e876df', 'd36d2147-31f0-5f9d-9731-a797dfd971a3', 'C', 'Zaman ve mekân sınırlaması olmaması', false, 2),
  ('84b019d0-9ad5-55f3-a87a-8253b5ed3a01', 'd36d2147-31f0-5f9d-9731-a797dfd971a3', 'D', 'Daha fazla kişiye ulaşarak kullanımını yaygınlaştırması', false, 3),
  ('8e79b38b-444d-5b33-a80b-39b92286995d', 'd36d2147-31f0-5f9d-9731-a797dfd971a3', 'E', 'Tamamen ücretli olması', true, 4)
on conflict (id) do update set option_text=excluded.option_text, is_correct=excluded.is_correct, sort_order=excluded.sort_order;

insert into public.questions (id, exam_id, question_number, question_text) values
  ('3e904273-46e5-5723-b2f4-755566db7f5a', '47ec4fd4-5b56-58c9-abc3-39e3431183df', 19, 'Bilgi toplumuna geçişte aşağıdakilerden hangisinin etkisi daha büyük olmuştur?')
on conflict (id) do update set question_text=excluded.question_text, question_number=excluded.question_number;
insert into public.question_options (id, question_id, option_label, option_text, is_correct, sort_order) values
  ('f1884295-1ae4-5e44-8ce9-57b074f99164', '3e904273-46e5-5723-b2f4-755566db7f5a', 'A', 'Üretimin artması', false, 0),
  ('1d4819d6-d010-56a5-8d8e-b44bbc4f3ec8', '3e904273-46e5-5723-b2f4-755566db7f5a', 'B', 'Merkezi bölgelere göçün artması', false, 1),
  ('722d5b42-77ae-567d-a220-f1b34a2e13a3', '3e904273-46e5-5723-b2f4-755566db7f5a', 'C', 'Tüketimin artması', false, 2),
  ('c6a67987-4211-56a2-a858-9d46f80992c3', '3e904273-46e5-5723-b2f4-755566db7f5a', 'D', 'Dijital teknolojilerdeki gelişmeler', true, 3),
  ('d201d9ba-89bb-5112-af43-08bdf2e83874', '3e904273-46e5-5723-b2f4-755566db7f5a', 'E', 'Yaşam süresinin uzaması', false, 4)
on conflict (id) do update set option_text=excluded.option_text, is_correct=excluded.is_correct, sort_order=excluded.sort_order;

insert into public.questions (id, exam_id, question_number, question_text) values
  ('013aec64-710b-5079-8275-f5b87b5e84cd', '47ec4fd4-5b56-58c9-abc3-39e3431183df', 20, 'Aşağıdaki araçlardan hangisi taşınabilir bir teknoloji değildir?')
on conflict (id) do update set question_text=excluded.question_text, question_number=excluded.question_number;
insert into public.question_options (id, question_id, option_label, option_text, is_correct, sort_order) values
  ('0e50b895-0048-5801-ab2b-bf7930260e2b', '013aec64-710b-5079-8275-f5b87b5e84cd', 'A', 'akıllı saat', false, 0),
  ('0d8a48c9-edc1-5429-83ee-45d5d2774c71', '013aec64-710b-5079-8275-f5b87b5e84cd', 'B', 'tablet', false, 1),
  ('74fa618c-80e4-5c3e-96e3-0d8e88f3eff6', '013aec64-710b-5079-8275-f5b87b5e84cd', 'C', 'masaüstü bilgisayar', true, 2),
  ('be185dca-e1cc-5c90-9dd1-5a668643c60b', '013aec64-710b-5079-8275-f5b87b5e84cd', 'D', 'mobil telefon', false, 3),
  ('c81a0dc7-77f6-5996-95f6-70076494b62a', '013aec64-710b-5079-8275-f5b87b5e84cd', 'E', 'dizüstü bilgisayar', false, 4)
on conflict (id) do update set option_text=excluded.option_text, is_correct=excluded.is_correct, sort_order=excluded.sort_order;

insert into public.questions (id, exam_id, question_number, question_text) values
  ('137eadcf-7974-5508-9d6d-e35060f190ac', '47ec4fd4-5b56-58c9-abc3-39e3431183df', 21, 'Kitlesel Açık Çevrim İçi Ders uygulamalarında derslerin dijital araçların yardımıyla ağlar üzerinden yürütülmesini ifade eden kavram aşağıdakilerden hangisidir?')
on conflict (id) do update set question_text=excluded.question_text, question_number=excluded.question_number;
insert into public.question_options (id, question_id, option_label, option_text, is_correct, sort_order) values
  ('b4a3799b-6c31-584d-8f59-7e1282f0fdaa', '137eadcf-7974-5508-9d6d-e35060f190ac', 'A', 'Kitlesellik', false, 0),
  ('6b3e2cea-6ff0-5109-91a0-4bad1dd46c4f', '137eadcf-7974-5508-9d6d-e35060f190ac', 'B', 'Açıklık', false, 1),
  ('eea1cb41-9eaa-530b-900a-0ac890e064f6', '137eadcf-7974-5508-9d6d-e35060f190ac', 'C', 'Geleneksellik', false, 2),
  ('62ce222c-4ab3-555d-b23e-2a2aa43f06bc', '137eadcf-7974-5508-9d6d-e35060f190ac', 'D', 'Ders', false, 3),
  ('c6b6824b-f041-5648-9ed5-f90bb9df1699', '137eadcf-7974-5508-9d6d-e35060f190ac', 'E', 'Çevrimiçi', true, 4)
on conflict (id) do update set option_text=excluded.option_text, is_correct=excluded.is_correct, sort_order=excluded.sort_order;

insert into public.questions (id, exam_id, question_number, question_text) values
  ('57725fdf-d2b3-5b02-b775-65455ec7c41e', '47ec4fd4-5b56-58c9-abc3-39e3431183df', 22, 'ABD Ulusal Standartlar ve Teknoloji Enstitüsü tarafından dört bulut yayılım türü tanımlanmıştır. Aşağıdakilerden hangisi bulut yayılım türü değildir?')
on conflict (id) do update set question_text=excluded.question_text, question_number=excluded.question_number;
insert into public.question_options (id, question_id, option_label, option_text, is_correct, sort_order) values
  ('6484ba14-5072-5040-87aa-4eca8bd19a56', '57725fdf-d2b3-5b02-b775-65455ec7c41e', 'A', 'Topluluk bulutu', false, 0),
  ('2abeec1c-2ce0-5205-b851-0e32bb1816ab', '57725fdf-d2b3-5b02-b775-65455ec7c41e', 'B', 'Güvenlik bulutu', true, 1),
  ('7b31dd1d-4a67-528b-9b7c-a5821a1c93e3', '57725fdf-d2b3-5b02-b775-65455ec7c41e', 'C', 'Kamu bulutu', false, 2),
  ('bf3f86b9-034a-5dda-8fed-6a28d9e97a59', '57725fdf-d2b3-5b02-b775-65455ec7c41e', 'D', 'Melez bulut', false, 3),
  ('f3b5f717-bed3-5d94-85b9-f0fe541f2b8b', '57725fdf-d2b3-5b02-b775-65455ec7c41e', 'E', 'Özel bulut', false, 4)
on conflict (id) do update set option_text=excluded.option_text, is_correct=excluded.is_correct, sort_order=excluded.sort_order;

insert into public.questions (id, exam_id, question_number, question_text) values
  ('9f6a9e55-6c8d-5c69-98ff-cddba8f6dfc1', '47ec4fd4-5b56-58c9-abc3-39e3431183df', 23, '1. Yaşamboyu öğrenmede kontrol kurumların elinde olmalıdır.
2. Hangi yaşta olursa olsun insanlara öğrenme fırsatlarının sunulmasını kapsar.
3. Yaşamboyu öğrenmede bireylerin bilinçli, gönüllü ve kendini güdülemesi esastır.
Yaşamboyu öğrenmeye yönelik ifadelerden hangileri doğrudur?')
on conflict (id) do update set question_text=excluded.question_text, question_number=excluded.question_number;
insert into public.question_options (id, question_id, option_label, option_text, is_correct, sort_order) values
  ('ce20d46c-dc16-58d9-bb46-1589cb75849c', '9f6a9e55-6c8d-5c69-98ff-cddba8f6dfc1', 'A', '1 ve 3', false, 0),
  ('0ef0bcc9-de9e-549a-a5ef-439c7d4055bc', '9f6a9e55-6c8d-5c69-98ff-cddba8f6dfc1', 'B', 'Yalnız 2', false, 1),
  ('0d14bd16-ab7e-5635-aeb9-331bd17605fa', '9f6a9e55-6c8d-5c69-98ff-cddba8f6dfc1', 'C', 'Yalnız 1', false, 2),
  ('e8be904f-20a1-5f2d-b322-ab500f643b51', '9f6a9e55-6c8d-5c69-98ff-cddba8f6dfc1', 'D', '2 ve 3', true, 3),
  ('3c807166-2f2a-5f1f-b737-6662145dc8e0', '9f6a9e55-6c8d-5c69-98ff-cddba8f6dfc1', 'E', 'Hepsi', false, 4)
on conflict (id) do update set option_text=excluded.option_text, is_correct=excluded.is_correct, sort_order=excluded.sort_order;

insert into public.questions (id, exam_id, question_number, question_text) values
  ('e0ef7fdf-34bc-52de-9df7-fe06a25e290b', '47ec4fd4-5b56-58c9-abc3-39e3431183df', 24, 'Aşağıdakilerden hangisi "nomofobi"ye en yakın anlamı verir?')
on conflict (id) do update set question_text=excluded.question_text, question_number=excluded.question_number;
insert into public.question_options (id, question_id, option_label, option_text, is_correct, sort_order) values
  ('d89b4f9b-ac26-5bc5-be21-a99f4a84f1c3', 'e0ef7fdf-34bc-52de-9df7-fe06a25e290b', 'A', 'Tabletimi kullanırken pek rahat değilim', false, 0),
  ('208d1100-ca04-5be5-8eeb-7b37081c619b', 'e0ef7fdf-34bc-52de-9df7-fe06a25e290b', 'B', 'Akıllı saatimi tam kapasite kullanamıyorum', false, 1),
  ('3eb9ba31-8b92-5921-9880-ccc062ef9842', 'e0ef7fdf-34bc-52de-9df7-fe06a25e290b', 'C', 'Telefonumu evde unutmuşum çok rahatsızım, hiç huzurum yok.', true, 2),
  ('ea89f577-037c-5f8a-af67-65bd056024df', 'e0ef7fdf-34bc-52de-9df7-fe06a25e290b', 'D', 'Telefonda başkalarıyla rahat konuşamıyorum', false, 3),
  ('dc9491d5-179a-5cea-8234-97f4fa460ae2', 'e0ef7fdf-34bc-52de-9df7-fe06a25e290b', 'E', 'Dizüstü bilgisayarımın belleği çok yetersiz', false, 4)
on conflict (id) do update set option_text=excluded.option_text, is_correct=excluded.is_correct, sort_order=excluded.sort_order;

insert into public.questions (id, exam_id, question_number, question_text) values
  ('76f8c925-23d0-5426-9f6f-f62f3c783a52', '47ec4fd4-5b56-58c9-abc3-39e3431183df', 25, 'Günümüzde, yaşamboyu öğrenme bireysel bir istek olmanın ötesinde bir gereklilik haline gelmiştir. Bu durumun temelinde yatan sebep nedir?')
on conflict (id) do update set question_text=excluded.question_text, question_number=excluded.question_number;
insert into public.question_options (id, question_id, option_label, option_text, is_correct, sort_order) values
  ('f2dc6c95-6b50-5b80-8c47-a5b1e6228351', '76f8c925-23d0-5426-9f6f-f62f3c783a52', 'A', 'Eğitim süresinin yetersiz olması', false, 0),
  ('90bc5be6-acb5-587f-9b80-a7219848d593', '76f8c925-23d0-5426-9f6f-f62f3c783a52', 'B', 'Eğitimin her yaştaki insan için ihtiyaç olması', false, 1),
  ('0063cdee-d3aa-59a2-aac5-906738b7d7ee', '76f8c925-23d0-5426-9f6f-f62f3c783a52', 'C', 'Eğitimin okul sınırları içinde sınırlandırılmasının yanlışlığı', false, 2),
  ('e1baee0a-6828-574c-adf1-5579c14b82a2', '76f8c925-23d0-5426-9f6f-f62f3c783a52', 'D', 'Yaşamın her alanında ve teknolojide meydana gelen değişimlerin boyutu ve hızı', true, 3),
  ('98806186-60a1-54b6-a7a9-b311f174785a', '76f8c925-23d0-5426-9f6f-f62f3c783a52', 'E', 'Eğitimlerin esnek olması', false, 4)
on conflict (id) do update set option_text=excluded.option_text, is_correct=excluded.is_correct, sort_order=excluded.sort_order;

insert into public.questions (id, exam_id, question_number, question_text) values
  ('0a86319f-b3b7-5de7-9dea-507731dc6b31', '47ec4fd4-5b56-58c9-abc3-39e3431183df', 26, 'Aşağıdakilerden hangileri eleştirel düşünmenin temellerindendir?
1. Farklı argümanların ele alınması
2. Kararların ve açıklamaların işlenmesi, analizi ve üretilmesi
3. Fikir ve ifadelerin yorumlanması, açıklanması
4. Çıkarımlar yapılması')
on conflict (id) do update set question_text=excluded.question_text, question_number=excluded.question_number;
insert into public.question_options (id, question_id, option_label, option_text, is_correct, sort_order) values
  ('6adc328b-0b84-5e6a-a0b6-39f4dcd80bbf', '0a86319f-b3b7-5de7-9dea-507731dc6b31', 'A', '1, 2 ve 3', false, 0),
  ('d8323dbc-0b98-5d78-a7c3-6b99e57e6fde', '0a86319f-b3b7-5de7-9dea-507731dc6b31', 'B', '1, 3 ve 4', false, 1),
  ('43279f47-e782-5ce5-95bc-36ac6d7a1c8f', '0a86319f-b3b7-5de7-9dea-507731dc6b31', 'C', 'Yalnız 1', false, 2),
  ('0974ec1f-799d-57b8-8675-09db03a06e66', '0a86319f-b3b7-5de7-9dea-507731dc6b31', 'D', 'Yalnız 3', false, 3),
  ('37017da2-39af-5dfa-9984-6a4e2912b4ef', '0a86319f-b3b7-5de7-9dea-507731dc6b31', 'E', 'Hepsi', true, 4)
on conflict (id) do update set option_text=excluded.option_text, is_correct=excluded.is_correct, sort_order=excluded.sort_order;

insert into public.questions (id, exam_id, question_number, question_text) values
  ('566120cf-6127-5a7e-a430-1e80e84c20ce', '47ec4fd4-5b56-58c9-abc3-39e3431183df', 27, 'Aşağıdakilerden hangisi taşınabilir teknolojilerle ilgili bir bilgi değildir?')
on conflict (id) do update set question_text=excluded.question_text, question_number=excluded.question_number;
insert into public.question_options (id, question_id, option_label, option_text, is_correct, sort_order) values
  ('8bbb9b5d-0353-582a-a13a-b8d13ca73b73', '566120cf-6127-5a7e-a430-1e80e84c20ce', 'A', 'Giyilebilir teknolojiler', false, 0),
  ('17690297-3699-560b-a8a5-f492a52f27b4', '566120cf-6127-5a7e-a430-1e80e84c20ce', 'B', 'Şarj edilebilir batarya', false, 1),
  ('d34dd81c-4d3e-5215-b09b-7afbf8fea2f4', '566120cf-6127-5a7e-a430-1e80e84c20ce', 'C', 'Gittiğimiz her ortama taşıyabilmek', false, 2),
  ('4e71979a-8ebd-5405-b09d-39496f62595a', '566120cf-6127-5a7e-a430-1e80e84c20ce', 'D', '3D yazıcılarla birçok nesneyi oluşturmak', true, 3),
  ('d2fc3ca7-85fc-5f28-8afc-a27f3dbcfbfc', '566120cf-6127-5a7e-a430-1e80e84c20ce', 'E', 'Kablosuz internet bağlantısına sahip olmak', false, 4)
on conflict (id) do update set option_text=excluded.option_text, is_correct=excluded.is_correct, sort_order=excluded.sort_order;

insert into public.questions (id, exam_id, question_number, question_text) values
  ('c7a39b14-0483-5ca3-80e4-e7e4334f70ce', '47ec4fd4-5b56-58c9-abc3-39e3431183df', 28, 'Çevrim içi ortamların yoğun kullanımıyla birlikte hakaret içerikli, provokatif, yanıltıcı iletilerin artması; farklı kullanıcıları amaçlı olarak olumsuz açıdan etkileyip duygusal tepkiler vermeleri yönünde kışkırtmak anlamına gelen kavram aşağıdakilerden hangisidir?')
on conflict (id) do update set question_text=excluded.question_text, question_number=excluded.question_number;
insert into public.question_options (id, question_id, option_label, option_text, is_correct, sort_order) values
  ('a6bdbd31-8871-53bb-bfac-977671748ad6', 'c7a39b14-0483-5ca3-80e4-e7e4334f70ce', 'A', 'Troll', true, 0),
  ('54def916-55a7-5aff-b55e-3810ca39c402', 'c7a39b14-0483-5ca3-80e4-e7e4334f70ce', 'B', 'Sanal ortam', false, 1),
  ('32380992-35c4-5d4b-8a28-0603338353ef', 'c7a39b14-0483-5ca3-80e4-e7e4334f70ce', 'C', 'Fenomen', false, 2),
  ('29fc21c2-0cf4-5d19-a0ea-ab0ae386c0f8', 'c7a39b14-0483-5ca3-80e4-e7e4334f70ce', 'D', 'Kullanıcı', false, 3),
  ('613eb75a-b247-5cb0-a76b-3338a1ac3e7b', 'c7a39b14-0483-5ca3-80e4-e7e4334f70ce', 'E', 'Sosyal medya', false, 4)
on conflict (id) do update set option_text=excluded.option_text, is_correct=excluded.is_correct, sort_order=excluded.sort_order;

insert into public.questions (id, exam_id, question_number, question_text) values
  ('d0e372ef-8717-5872-9177-ef4b1030a118', '47ec4fd4-5b56-58c9-abc3-39e3431183df', 29, 'Aşağıdakilerden hangisi sosyal medyayı kullanmak için mutlaka gereklidir?')
on conflict (id) do update set question_text=excluded.question_text, question_number=excluded.question_number;
insert into public.question_options (id, question_id, option_label, option_text, is_correct, sort_order) values
  ('11c03375-2067-5ee8-8b6c-1823566a4c6f', 'd0e372ef-8717-5872-9177-ef4b1030a118', 'A', 'Medya okuryazarlığı becerilerine sahip olmak', false, 0),
  ('bb2bb368-216b-5cbd-ba23-fe9d4380bea7', 'd0e372ef-8717-5872-9177-ef4b1030a118', 'B', 'İnternet erişimine sahip olmak', true, 1),
  ('3952893a-e9ee-5203-9e33-0b372d8e7858', 'd0e372ef-8717-5872-9177-ef4b1030a118', 'C', 'Siteden davet gelmesi', false, 2),
  ('9b695a98-44f7-543a-85ff-06efd76d98db', 'd0e372ef-8717-5872-9177-ef4b1030a118', 'D', 'İletişim bilgisi olarak telefon numarası vermek', false, 3)
on conflict (id) do update set option_text=excluded.option_text, is_correct=excluded.is_correct, sort_order=excluded.sort_order;


-- ===== Dijital Okuryazarlık — Bölüm Sonu Soruları (80 questions) =====
insert into public.exams (id, slug, title, description, question_count) values
  ('7ebc0a28-f12a-5adc-8c73-64c942930014', 'bolum-sonu-sorulari', 'Dijital Okuryazarlık — Bölüm Sonu Soruları', 'Anadolu Üniversitesi AÖF kitabı ''Neler Öğrendik?'' bölüm sonu soruları (8 bölüm).', 80)
on conflict (id) do update set title=excluded.title, description=excluded.description, question_count=excluded.question_count;

insert into public.questions (id, exam_id, question_number, question_text) values
  ('bde4a9cf-6859-5858-95ed-ce2a2d48c554', '7ebc0a28-f12a-5adc-8c73-64c942930014', 1, 'İnternet üzerinde web sayfası oluşturmak için kullanılan betik dil aşağıdakilerden hangisidir?')
on conflict (id) do update set question_text=excluded.question_text, question_number=excluded.question_number;
insert into public.question_options (id, question_id, option_label, option_text, is_correct, sort_order) values
  ('eaf753b9-cbf6-5978-84c1-c6f79786dbab', 'bde4a9cf-6859-5858-95ed-ce2a2d48c554', 'A', 'ftp', false, 0),
  ('7cd16bb2-7671-521d-b082-376fb54f0536', 'bde4a9cf-6859-5858-95ed-ce2a2d48c554', 'B', 'http', false, 1),
  ('ad2c8adc-552c-542d-bd77-20d465bd8ff6', 'bde4a9cf-6859-5858-95ed-ce2a2d48c554', 'C', 'www', false, 2),
  ('b980df55-fbec-559d-b8d8-b4e854c04067', 'bde4a9cf-6859-5858-95ed-ce2a2d48c554', 'D', 'URL', false, 3),
  ('b1ad7f52-c15c-514d-89b3-47bdc6e03e1a', 'bde4a9cf-6859-5858-95ed-ce2a2d48c554', 'E', 'html', true, 4)
on conflict (id) do update set option_text=excluded.option_text, is_correct=excluded.is_correct, sort_order=excluded.sort_order;

insert into public.questions (id, exam_id, question_number, question_text) values
  ('a783e282-a7e5-5507-a689-cdfddf7ef137', '7ebc0a28-f12a-5adc-8c73-64c942930014', 2, 'Aşağıdakilerden hangisi Internet veri transferi protokollerinden biri değildir?')
on conflict (id) do update set question_text=excluded.question_text, question_number=excluded.question_number;
insert into public.question_options (id, question_id, option_label, option_text, is_correct, sort_order) values
  ('38430dde-af57-5b4c-b286-49c2336f2779', 'a783e282-a7e5-5507-a689-cdfddf7ef137', 'A', 'ftp', false, 0),
  ('cd01dd26-30d2-5367-aafa-b103f274096a', 'a783e282-a7e5-5507-a689-cdfddf7ef137', 'B', 'http', false, 1),
  ('c5d6cca7-ab96-5183-b9d4-4eefe582b000', 'a783e282-a7e5-5507-a689-cdfddf7ef137', 'C', 'mailto', false, 2),
  ('dc02b200-708c-5250-9091-d425b7ee0152', 'a783e282-a7e5-5507-a689-cdfddf7ef137', 'D', 'Web', true, 3),
  ('1cc69100-2bd8-5ec6-b016-1ecbb269f6fd', 'a783e282-a7e5-5507-a689-cdfddf7ef137', 'E', 'https', false, 4)
on conflict (id) do update set option_text=excluded.option_text, is_correct=excluded.is_correct, sort_order=excluded.sort_order;

insert into public.questions (id, exam_id, question_number, question_text) values
  ('65373ac0-34bb-5c8f-9e2b-c96e550710d9', '7ebc0a28-f12a-5adc-8c73-64c942930014', 3, '"https://giris.turkiye.gov.tr/Giris/e-Devlet-Sifresi" URL adresinin alan adı aşağıdakilerden hangisidir?')
on conflict (id) do update set question_text=excluded.question_text, question_number=excluded.question_number;
insert into public.question_options (id, question_id, option_label, option_text, is_correct, sort_order) values
  ('5553297f-76f1-5404-88bf-1610a6a30106', '65373ac0-34bb-5c8f-9e2b-c96e550710d9', 'A', 'https://', false, 0),
  ('5c25a7ce-8ecc-5fa0-bd5f-a39fabbe916c', '65373ac0-34bb-5c8f-9e2b-c96e550710d9', 'B', 'turkiye.gov.tr', true, 1),
  ('903ee1e9-d68f-5231-a1c3-f58a609970d0', '65373ac0-34bb-5c8f-9e2b-c96e550710d9', 'C', 'https://giris.turkiye.gov.tr', false, 2),
  ('22d76cd5-18e4-54fa-b6c5-529244a942b1', '65373ac0-34bb-5c8f-9e2b-c96e550710d9', 'D', 'giris.turkiye.gov.tr', false, 3),
  ('ba98c510-9aed-5300-9a73-3ef7e94ad8a2', '65373ac0-34bb-5c8f-9e2b-c96e550710d9', 'E', 'https://giris.turkiye.gov.tr/Giris', false, 4)
on conflict (id) do update set option_text=excluded.option_text, is_correct=excluded.is_correct, sort_order=excluded.sort_order;

insert into public.questions (id, exam_id, question_number, question_text) values
  ('df4e79a6-cb6a-5e63-b9ac-4ba22401e057', '7ebc0a28-f12a-5adc-8c73-64c942930014', 4, 'İçerisinde Açıköğretim Fakültesi ifadesinin aynen geçtiği Web sayfalarını bulmak için arama motorunda kullanılması gereken sorgulama ifadesi aşağıdakilerden hangisidir?')
on conflict (id) do update set question_text=excluded.question_text, question_number=excluded.question_number;
insert into public.question_options (id, question_id, option_label, option_text, is_correct, sort_order) values
  ('eefbb7ca-5ce0-565e-8c3e-74f3964e7056', 'df4e79a6-cb6a-5e63-b9ac-4ba22401e057', 'A', 'Açıköğretim*Fakültesi', false, 0),
  ('08e085c5-1e67-5525-af0c-b264da8041d2', 'df4e79a6-cb6a-5e63-b9ac-4ba22401e057', 'B', 'Açıköğretim+Fakültesi', false, 1),
  ('88b5fc04-c7a9-5747-8f6c-f0683dbc0bd1', 'df4e79a6-cb6a-5e63-b9ac-4ba22401e057', 'C', '"Açıköğretim Fakültesi"', true, 2),
  ('7436653f-c2fc-5c8e-80d9-95e529c8476c', 'df4e79a6-cb6a-5e63-b9ac-4ba22401e057', 'D', 'Açıköğretim AND Fakültesi', false, 3),
  ('4d512ec2-7b57-5b9a-95fd-100a9c798a56', 'df4e79a6-cb6a-5e63-b9ac-4ba22401e057', 'E', 'Açıköğretim Fakültesi', false, 4)
on conflict (id) do update set option_text=excluded.option_text, is_correct=excluded.is_correct, sort_order=excluded.sort_order;

insert into public.questions (id, exam_id, question_number, question_text) values
  ('20fc7c01-304e-50cf-9dda-3602276aa16b', '7ebc0a28-f12a-5adc-8c73-64c942930014', 5, 'Aşağıdaki web tarayıcılarından hangisi açık kaynak kodludur?')
on conflict (id) do update set question_text=excluded.question_text, question_number=excluded.question_number;
insert into public.question_options (id, question_id, option_label, option_text, is_correct, sort_order) values
  ('897c3f82-e89b-5973-9c40-a72c79ec3968', '20fc7c01-304e-50cf-9dda-3602276aa16b', 'A', 'Mozilla Firefox', true, 0),
  ('c781d135-6fae-5d7f-8cd5-794d78b6aac2', '20fc7c01-304e-50cf-9dda-3602276aa16b', 'B', 'Google Chrome', false, 1),
  ('04c1dbb2-7dbd-5538-a123-5dd6c9e06ee1', '20fc7c01-304e-50cf-9dda-3602276aa16b', 'C', 'Windows Internet Explorer', false, 2),
  ('a3a110fe-6759-5720-8b92-18c3847f5933', '20fc7c01-304e-50cf-9dda-3602276aa16b', 'D', 'Safari', false, 3),
  ('8e69ead5-b1b9-53ff-a8e4-d1f5b6b09e7f', '20fc7c01-304e-50cf-9dda-3602276aa16b', 'E', 'Yandex', false, 4)
on conflict (id) do update set option_text=excluded.option_text, is_correct=excluded.is_correct, sort_order=excluded.sort_order;

insert into public.questions (id, exam_id, question_number, question_text) values
  ('0aa136a5-e1d6-5f6b-805e-ff877f6e66ad', '7ebc0a28-f12a-5adc-8c73-64c942930014', 6, 'TR-NET''in 1992 yılında gerçekleştirdiği ilk deneysel çalışmalar hangi ülkeye yapılmıştır?')
on conflict (id) do update set question_text=excluded.question_text, question_number=excluded.question_number;
insert into public.question_options (id, question_id, option_label, option_text, is_correct, sort_order) values
  ('0fb13908-8aa0-5507-af9d-7aecf1a83d89', '0aa136a5-e1d6-5f6b-805e-ff877f6e66ad', 'A', 'Fransa', false, 0),
  ('4240d47a-53c1-561d-b39f-32a5db3642e5', '0aa136a5-e1d6-5f6b-805e-ff877f6e66ad', 'B', 'Hollanda', true, 1),
  ('6e978f80-d640-5590-99ce-1b122d9377eb', '0aa136a5-e1d6-5f6b-805e-ff877f6e66ad', 'C', 'İngiltere', false, 2),
  ('c50f169b-f144-5d9f-958e-e721e73ef303', '0aa136a5-e1d6-5f6b-805e-ff877f6e66ad', 'D', 'Almanya', false, 3),
  ('aa9ad377-8ecb-5266-b752-34aa1b510b18', '0aa136a5-e1d6-5f6b-805e-ff877f6e66ad', 'E', 'Yunanistan', false, 4)
on conflict (id) do update set option_text=excluded.option_text, is_correct=excluded.is_correct, sort_order=excluded.sort_order;

insert into public.questions (id, exam_id, question_number, question_text) values
  ('48dcfbf6-74c0-5799-ab04-75670ea99a31', '7ebc0a28-f12a-5adc-8c73-64c942930014', 7, 'Türkiye''de ilk İnternet bağlantısı ne zaman gerçekleştirilmiştir?')
on conflict (id) do update set question_text=excluded.question_text, question_number=excluded.question_number;
insert into public.question_options (id, question_id, option_label, option_text, is_correct, sort_order) values
  ('8e275768-c797-5528-a152-c38557b87d65', '48dcfbf6-74c0-5799-ab04-75670ea99a31', 'A', '1986', false, 0),
  ('23f24f1a-d1b5-5ffb-bb46-33c43c32233a', '48dcfbf6-74c0-5799-ab04-75670ea99a31', 'B', '1987', false, 1),
  ('20941c1f-8a4c-5ea3-87ee-acb8268d5a77', '48dcfbf6-74c0-5799-ab04-75670ea99a31', 'C', '1990', false, 2),
  ('b10f9fb2-937d-5cee-98e1-3b389e54732f', '48dcfbf6-74c0-5799-ab04-75670ea99a31', 'D', '1991', false, 3),
  ('1aaba43e-c050-5ec1-bed0-384b7e24253a', '48dcfbf6-74c0-5799-ab04-75670ea99a31', 'E', '1993', true, 4)
on conflict (id) do update set option_text=excluded.option_text, is_correct=excluded.is_correct, sort_order=excluded.sort_order;

insert into public.questions (id, exam_id, question_number, question_text) values
  ('83baf8fe-d4f0-5775-97d7-67f520818878', '7ebc0a28-f12a-5adc-8c73-64c942930014', 8, 'Küresel ve yerel özellikleri birleştirerek coğrafi konum bazlı ve kişiselleştirilebilen uygulamalar konusunda öne çıkan arama motoru aşağıdakilerden hangisidir?')
on conflict (id) do update set question_text=excluded.question_text, question_number=excluded.question_number;
insert into public.question_options (id, question_id, option_label, option_text, is_correct, sort_order) values
  ('d1d247c3-688e-57bd-a345-7e74092b06c9', '83baf8fe-d4f0-5775-97d7-67f520818878', 'A', 'Google', false, 0),
  ('41fd6c82-5b11-5774-85e7-a410a2802f9c', '83baf8fe-d4f0-5775-97d7-67f520818878', 'B', 'Bing', false, 1),
  ('68bf5aab-d623-501d-a05b-5b2057858ab1', '83baf8fe-d4f0-5775-97d7-67f520818878', 'C', 'Yahoo', false, 2),
  ('b5200c02-46bc-56c2-b22d-3dd0ffb3229c', '83baf8fe-d4f0-5775-97d7-67f520818878', 'D', 'Yandex', true, 3),
  ('66f21e0f-8048-5909-823a-d60358278e1c', '83baf8fe-d4f0-5775-97d7-67f520818878', 'E', 'Google Akademik', false, 4)
on conflict (id) do update set option_text=excluded.option_text, is_correct=excluded.is_correct, sort_order=excluded.sort_order;

insert into public.questions (id, exam_id, question_number, question_text) values
  ('f8ac30a7-046a-56c0-bf02-564c8aa7ebf0', '7ebc0a28-f12a-5adc-8c73-64c942930014', 9, 'Aşağıdakilerden hangisi Google Akademik arama motoru özelliklerinden biri değildir?')
on conflict (id) do update set question_text=excluded.question_text, question_number=excluded.question_number;
insert into public.question_options (id, question_id, option_label, option_text, is_correct, sort_order) values
  ('8b043ba9-0f8d-522f-8f8f-a34a0747e50e', 'f8ac30a7-046a-56c0-bf02-564c8aa7ebf0', 'A', 'Farklı kaynaklara arama', false, 0),
  ('a09acbd3-a37b-52da-93fc-52601be9dd07', 'f8ac30a7-046a-56c0-bf02-564c8aa7ebf0', 'B', 'Bilimsel yazıları, özetleri ve alıntıları bulma', false, 1),
  ('7d337064-192f-5927-9203-e0017e149b6f', 'f8ac30a7-046a-56c0-bf02-564c8aa7ebf0', 'C', 'En çok beğenilen görselleri arama', true, 2),
  ('cf693b3a-56eb-5965-983e-afbdbb5bcb79', 'f8ac30a7-046a-56c0-bf02-564c8aa7ebf0', 'D', 'Herhangi bir konu hakkında bilimsel yazılardan bilgi edinme', false, 3),
  ('ec61ce09-767a-5666-9e3e-c993ebbcde96', 'f8ac30a7-046a-56c0-bf02-564c8aa7ebf0', 'E', 'Kütüphane yardımı yoluyla yazıların tamamına erişme', false, 4)
on conflict (id) do update set option_text=excluded.option_text, is_correct=excluded.is_correct, sort_order=excluded.sort_order;

insert into public.questions (id, exam_id, question_number, question_text) values
  ('f144cf12-a122-5e5f-90cd-63316116a320', '7ebc0a28-f12a-5adc-8c73-64c942930014', 10, 'Aşağıdakilerden hangisi dünyada e-Devlet uygulamalarının kullanım amaçları arasında yer almaz?')
on conflict (id) do update set question_text=excluded.question_text, question_number=excluded.question_number;
insert into public.question_options (id, question_id, option_label, option_text, is_correct, sort_order) values
  ('26af0ba3-4d2c-5227-9730-c880b283b085', 'f144cf12-a122-5e5f-90cd-63316116a320', 'A', 'Statüye göre kaynak kullanımını denetleme', true, 0),
  ('78150add-4d25-5095-ab59-6044caa81c9e', 'f144cf12-a122-5e5f-90cd-63316116a320', 'B', 'Demokrasi bilincinin kazandırılması', false, 1),
  ('782bc2f4-81a0-594a-b833-5f7210c9c8e2', 'f144cf12-a122-5e5f-90cd-63316116a320', 'C', 'Hükümete güven ve bağlılığın artırılması', false, 2),
  ('e38c5d89-7ff6-59a2-81fc-0834a2f9ee31', 'f144cf12-a122-5e5f-90cd-63316116a320', 'D', 'Şeffaflığın sağlanması', false, 3),
  ('a498e5fc-13ba-5783-b829-0d099d25f79e', 'f144cf12-a122-5e5f-90cd-63316116a320', 'E', 'Maliyetlerin düşürülmesi', false, 4)
on conflict (id) do update set option_text=excluded.option_text, is_correct=excluded.is_correct, sort_order=excluded.sort_order;

insert into public.questions (id, exam_id, question_number, question_text) values
  ('e11c5a1a-d9d3-5cd3-b3eb-5f5c0e3cb34c', '7ebc0a28-f12a-5adc-8c73-64c942930014', 11, 'Aşağıdakilerden hangisi taşınabilir teknolojiler için hem avantaj hem de dezavantaj olarak görülebilir?')
on conflict (id) do update set question_text=excluded.question_text, question_number=excluded.question_number;
insert into public.question_options (id, question_id, option_label, option_text, is_correct, sort_order) values
  ('f0aae3c8-7c47-54ad-a4ef-b2a9ee700e87', 'e11c5a1a-d9d3-5cd3-b3eb-5f5c0e3cb34c', 'A', 'Her yerde kullanabilme esnekliği', false, 0),
  ('dd8c0499-ab77-542c-861f-2afbd058eabe', 'e11c5a1a-d9d3-5cd3-b3eb-5f5c0e3cb34c', 'B', 'Çokluortam kullanımı', false, 1),
  ('51e59711-603e-515a-85fe-03e74c71dca0', 'e11c5a1a-d9d3-5cd3-b3eb-5f5c0e3cb34c', 'C', 'Kişiselleştirme özelliği', false, 2),
  ('b026c712-130e-5d37-abe5-a70c21503b4a', 'e11c5a1a-d9d3-5cd3-b3eb-5f5c0e3cb34c', 'D', 'Şarj edilebilir bataryalar', true, 3),
  ('24f09b72-864f-5712-9aee-342a8743565a', 'e11c5a1a-d9d3-5cd3-b3eb-5f5c0e3cb34c', 'E', 'Uzun süre kullanmaya bağlı sorunlar', false, 4)
on conflict (id) do update set option_text=excluded.option_text, is_correct=excluded.is_correct, sort_order=excluded.sort_order;

insert into public.questions (id, exam_id, question_number, question_text) values
  ('1deb4f31-28e1-5508-b335-66be89c3c9ad', '7ebc0a28-f12a-5adc-8c73-64c942930014', 12, 'Aşağıdakilerden hangisi giyilebilir teknoloji olarak değerlendirilebilir?')
on conflict (id) do update set question_text=excluded.question_text, question_number=excluded.question_number;
insert into public.question_options (id, question_id, option_label, option_text, is_correct, sort_order) values
  ('63724321-91f4-5ad3-a1c2-d2fb6b38a76c', '1deb4f31-28e1-5508-b335-66be89c3c9ad', 'A', 'Tablet bilgisayarlar', false, 0),
  ('7084eeee-59aa-5cb7-944b-fb81443d4bbb', '1deb4f31-28e1-5508-b335-66be89c3c9ad', 'B', 'Akıllı gözlükler', true, 1),
  ('d7ed21b9-2e5d-5b5d-9bef-1c9bed141257', '1deb4f31-28e1-5508-b335-66be89c3c9ad', 'C', 'Akıllı telefonlar', false, 2),
  ('3a8abab0-d8dc-5cf8-9aad-7d65a01ae621', '1deb4f31-28e1-5508-b335-66be89c3c9ad', 'D', 'Dizüstü bilgisayarlar', false, 3),
  ('54f40084-d02e-54f1-bc7b-987f885bec2d', '1deb4f31-28e1-5508-b335-66be89c3c9ad', 'E', 'Şarj edilebilir bataryalar', false, 4)
on conflict (id) do update set option_text=excluded.option_text, is_correct=excluded.is_correct, sort_order=excluded.sort_order;

insert into public.questions (id, exam_id, question_number, question_text) values
  ('f3df51c9-d51c-5513-9c2b-b768bcbd23ab', '7ebc0a28-f12a-5adc-8c73-64c942930014', 13, 'Aşağıdakilerden hangisi taşınabilir teknolojilerden biri değildir?')
on conflict (id) do update set question_text=excluded.question_text, question_number=excluded.question_number;
insert into public.question_options (id, question_id, option_label, option_text, is_correct, sort_order) values
  ('0d2e9fbf-2469-5661-bf43-f51dcea03d44', 'f3df51c9-d51c-5513-9c2b-b768bcbd23ab', 'A', 'Masaüstü bilgisayar', true, 0),
  ('00c78041-a4db-5f46-ac5f-2642bf82b70a', 'f3df51c9-d51c-5513-9c2b-b768bcbd23ab', 'B', 'Akıllı telefon', false, 1),
  ('d34617c6-526b-57cf-8c98-9d676051d9ac', 'f3df51c9-d51c-5513-9c2b-b768bcbd23ab', 'C', 'Dizüstü bilgisayar', false, 2),
  ('eb3a79e7-f85e-5822-8a3f-928e167595d1', 'f3df51c9-d51c-5513-9c2b-b768bcbd23ab', 'D', 'Tablet bilgisayar', false, 3),
  ('1c987d0d-58e1-5972-9332-bbfee510ff74', 'f3df51c9-d51c-5513-9c2b-b768bcbd23ab', 'E', 'Akıllı saat', false, 4)
on conflict (id) do update set option_text=excluded.option_text, is_correct=excluded.is_correct, sort_order=excluded.sort_order;

insert into public.questions (id, exam_id, question_number, question_text) values
  ('781b2e8c-2732-59fe-974c-b3c07a5e144e', '7ebc0a28-f12a-5adc-8c73-64c942930014', 14, 'Birçok kullanıcı tarafından dizüstü bilgisayar yerine kullanılan isim aşağıdakilerden hangisidir?')
on conflict (id) do update set question_text=excluded.question_text, question_number=excluded.question_number;
insert into public.question_options (id, question_id, option_label, option_text, is_correct, sort_order) values
  ('f72135b2-efd4-54d0-926f-30fd976e4f82', '781b2e8c-2732-59fe-974c-b3c07a5e144e', 'A', 'Netbook', false, 0),
  ('ed50b085-1001-58f6-b57d-20b120fe5535', '781b2e8c-2732-59fe-974c-b3c07a5e144e', 'B', 'Tablet', false, 1),
  ('1db44cf1-1c60-5b4a-8633-bf69fb1dd5a9', '781b2e8c-2732-59fe-974c-b3c07a5e144e', 'C', 'Notebook', true, 2),
  ('e48d37c8-f41e-545e-b0d9-7e504cf729f2', '781b2e8c-2732-59fe-974c-b3c07a5e144e', 'D', 'Slate', false, 3),
  ('affe44f6-1605-5d40-8372-d10dce52b973', '781b2e8c-2732-59fe-974c-b3c07a5e144e', 'E', 'Masaüstü', false, 4)
on conflict (id) do update set option_text=excluded.option_text, is_correct=excluded.is_correct, sort_order=excluded.sort_order;

insert into public.questions (id, exam_id, question_number, question_text) values
  ('e5ba9342-8e46-5d4e-b651-cdaf99a7a0cc', '7ebc0a28-f12a-5adc-8c73-64c942930014', 15, 'Aşağıdakilerden hangisi taşınabilir teknolojilerin günümüzde en son geldiği noktayı temsil eder?')
on conflict (id) do update set question_text=excluded.question_text, question_number=excluded.question_number;
insert into public.question_options (id, question_id, option_label, option_text, is_correct, sort_order) values
  ('c1daeec3-a077-503c-aafc-b8166ead9d3c', 'e5ba9342-8e46-5d4e-b651-cdaf99a7a0cc', 'A', 'Her ortamda kullanılabilme', false, 0),
  ('341c1da4-bb57-531f-9cd5-38d12732be68', 'e5ba9342-8e46-5d4e-b651-cdaf99a7a0cc', 'B', 'Sosyal medya paylaşımları', false, 1),
  ('e67e1393-3b3e-5124-aaec-1a43d75c46de', 'e5ba9342-8e46-5d4e-b651-cdaf99a7a0cc', 'C', 'Kablosuz internet erişimi', false, 2),
  ('51875c9f-f611-5777-8279-8e664ac94e13', 'e5ba9342-8e46-5d4e-b651-cdaf99a7a0cc', 'D', 'Şarj edilebilir batarya', false, 3),
  ('4e725229-4919-59d4-af79-78d0992509de', 'e5ba9342-8e46-5d4e-b651-cdaf99a7a0cc', 'E', 'Giyilebilir teknolojiler', true, 4)
on conflict (id) do update set option_text=excluded.option_text, is_correct=excluded.is_correct, sort_order=excluded.sort_order;

insert into public.questions (id, exam_id, question_number, question_text) values
  ('32fd2f58-bbef-54d0-89c8-429d28000ca3', '7ebc0a28-f12a-5adc-8c73-64c942930014', 16, 'Aşağıdakilerden hangisi "nomofobi"yi en iyi tanımlar?')
on conflict (id) do update set question_text=excluded.question_text, question_number=excluded.question_number;
insert into public.question_options (id, question_id, option_label, option_text, is_correct, sort_order) values
  ('26d87b91-e8f1-5fe3-9c4e-581c9c555cf6', '32fd2f58-bbef-54d0-89c8-429d28000ca3', 'A', 'Telefonum yanımda değil ve ben huzursuzum', true, 0),
  ('ace76c91-f1ed-54a5-ab48-9902f22ff266', '32fd2f58-bbef-54d0-89c8-429d28000ca3', 'B', 'Telefonda diğer insanlarla rahat konuşamıyorum', false, 1),
  ('6b5166e6-b333-5b8b-88be-96662a8da5bc', '32fd2f58-bbef-54d0-89c8-429d28000ca3', 'C', 'Tablet bilgisayarımı kullanırken rahat değilim', false, 2),
  ('432cccd8-31e5-5b96-9140-6fd450cf2cad', '32fd2f58-bbef-54d0-89c8-429d28000ca3', 'D', 'Dizüstü bilgisayarımın belleği çok yetersiz', false, 3),
  ('dde63973-18ca-5852-a66c-2b46e47b1013', '32fd2f58-bbef-54d0-89c8-429d28000ca3', 'E', 'Akıllı saatimi tüm özellikleri ile kullanamıyorum', false, 4)
on conflict (id) do update set option_text=excluded.option_text, is_correct=excluded.is_correct, sort_order=excluded.sort_order;

insert into public.questions (id, exam_id, question_number, question_text) values
  ('31702a8b-f162-541c-8dd5-cc2c0c77f07d', '7ebc0a28-f12a-5adc-8c73-64c942930014', 17, 'Taşınabilir teknolojinin gelişimini en iyi ifade eden sıralama aşağıdakilerden hangisidir?')
on conflict (id) do update set question_text=excluded.question_text, question_number=excluded.question_number;
insert into public.question_options (id, question_id, option_label, option_text, is_correct, sort_order) values
  ('09c4fc46-6700-5599-99d0-942b807113b0', '31702a8b-f162-541c-8dd5-cc2c0c77f07d', 'A', 'Masaüstü PC-Dizüstü PC-Akıllı Telefon-Şarj edilebilir batarya-Kamera', true, 0),
  ('c9dbdf7d-3043-5bfc-bbbc-38d2dbd23ed8', '31702a8b-f162-541c-8dd5-cc2c0c77f07d', 'B', 'Akıllı saat-Tablet-Mobil Telefon-Dizüstü PC-Masaüstü PC', false, 1),
  ('433fe15f-d8bd-55e1-a095-a127ef27cf94', '31702a8b-f162-541c-8dd5-cc2c0c77f07d', 'C', '3D yazıcı-E-Posta-Sosyal ağlar-SMS ve MMS-Video görüşme', false, 2),
  ('6841ea51-212e-5ee0-baec-de1065e602f5', '31702a8b-f162-541c-8dd5-cc2c0c77f07d', 'D', 'Nesnelerin interneti-Artırılmış gerçeklik-Navigasyon-Ses tanıma-ADSL', false, 3),
  ('ac501146-d8e8-5a9f-b150-a60405d977fa', '31702a8b-f162-541c-8dd5-cc2c0c77f07d', 'E', 'Masaüstü PC-Mobil Telefon-Dizüstü PC-Tablet-Akıllı saat', false, 4)
on conflict (id) do update set option_text=excluded.option_text, is_correct=excluded.is_correct, sort_order=excluded.sort_order;

insert into public.questions (id, exam_id, question_number, question_text) values
  ('b438f193-28e4-5740-b502-13afae113a33', '7ebc0a28-f12a-5adc-8c73-64c942930014', 18, 'Araştırmalara göre ülkemizde akıllı telefonların en yoğun kullanıldığı alan aşağıdakilerden hangisidir?')
on conflict (id) do update set question_text=excluded.question_text, question_number=excluded.question_number;
insert into public.question_options (id, question_id, option_label, option_text, is_correct, sort_order) values
  ('5ba5f64d-509b-5084-984e-822967b24a33', 'b438f193-28e4-5740-b502-13afae113a33', 'A', 'Haber okumak', false, 0),
  ('07aaa3d1-399c-509a-abfa-570ed929e456', 'b438f193-28e4-5740-b502-13afae113a33', 'B', 'Arama yapmak', false, 1),
  ('e8e2b0d3-758d-5fc8-b236-78a4b407dd25', 'b438f193-28e4-5740-b502-13afae113a33', 'C', 'Oyun oynamak', false, 2),
  ('35449b08-8164-5069-bdd6-17760897ee32', 'b438f193-28e4-5740-b502-13afae113a33', 'D', 'Sosyal ağlara girmek', true, 3),
  ('5a6121a2-ca7c-576f-95ef-afc364f52775', 'b438f193-28e4-5740-b502-13afae113a33', 'E', 'Yol tarifi için kullanmak', false, 4)
on conflict (id) do update set option_text=excluded.option_text, is_correct=excluded.is_correct, sort_order=excluded.sort_order;

insert into public.questions (id, exam_id, question_number, question_text) values
  ('fdaffbee-2380-5f08-b234-835032053c6f', '7ebc0a28-f12a-5adc-8c73-64c942930014', 19, 'Taşınabilir teknolojilerin aynı anda ses, grafik ve video paylaşabilmesini sağlayan teknoloji aşağıdakilerden hangisidir?')
on conflict (id) do update set question_text=excluded.question_text, question_number=excluded.question_number;
insert into public.question_options (id, question_id, option_label, option_text, is_correct, sort_order) values
  ('fc127173-d72d-5391-b913-1550fe5ee641', 'fdaffbee-2380-5f08-b234-835032053c6f', 'A', 'GPRS', false, 0),
  ('20792d73-1e7a-5c82-ae06-30ffb9244baa', 'fdaffbee-2380-5f08-b234-835032053c6f', 'B', 'EDGE', false, 1),
  ('50069206-2a63-5d37-b712-fd5a9d46e158', 'fdaffbee-2380-5f08-b234-835032053c6f', 'C', '3G', true, 2),
  ('d101de3a-5d80-5617-8415-e54097bfead8', 'fdaffbee-2380-5f08-b234-835032053c6f', 'D', 'GSM', false, 3),
  ('30bfd51f-e0c3-5d46-95ac-1a9552fb1c5e', 'fdaffbee-2380-5f08-b234-835032053c6f', 'E', 'GPS', false, 4)
on conflict (id) do update set option_text=excluded.option_text, is_correct=excluded.is_correct, sort_order=excluded.sort_order;

insert into public.questions (id, exam_id, question_number, question_text) values
  ('f79b6510-5cc1-5d7c-a657-df7ce55a9c09', '7ebc0a28-f12a-5adc-8c73-64c942930014', 20, 'Aşağıdakilerden hangisi tam ekran tablet bilgisayarlarda görmeye alışık olmadığımız özelliklerden biridir?')
on conflict (id) do update set question_text=excluded.question_text, question_number=excluded.question_number;
insert into public.question_options (id, question_id, option_label, option_text, is_correct, sort_order) values
  ('c3e74982-aacd-5f3b-a5cf-b6252b50432e', 'f79b6510-5cc1-5d7c-a657-df7ce55a9c09', 'A', 'İnternet erişimi', false, 0),
  ('82f1a1a3-c5ee-54cc-95bc-b1df41d76413', 'f79b6510-5cc1-5d7c-a657-df7ce55a9c09', 'B', 'Fiziksel klavye', true, 1),
  ('318a9d04-cd58-5ed6-af56-1563b2d1c3a0', 'f79b6510-5cc1-5d7c-a657-df7ce55a9c09', 'C', 'Çokluortam uygulamaları', false, 2),
  ('be499ac4-fd0b-56f6-9096-498da0e87c9d', 'f79b6510-5cc1-5d7c-a657-df7ce55a9c09', 'D', 'Kompakt yapı', false, 3),
  ('cdacd9f6-36be-5e94-9100-9c5da931173e', 'f79b6510-5cc1-5d7c-a657-df7ce55a9c09', 'E', 'Ekran etkileşimi', false, 4)
on conflict (id) do update set option_text=excluded.option_text, is_correct=excluded.is_correct, sort_order=excluded.sort_order;

insert into public.questions (id, exam_id, question_number, question_text) values
  ('c66c67e6-3d08-5922-9abc-845e266b19c5', '7ebc0a28-f12a-5adc-8c73-64c942930014', 21, 'Ağ toplumu yaklaşımına göre, toplumları dönüştüren temel belirleyiciler aşağıdakilerden hangileridir?')
on conflict (id) do update set question_text=excluded.question_text, question_number=excluded.question_number;
insert into public.question_options (id, question_id, option_label, option_text, is_correct, sort_order) values
  ('082eb258-4af9-54e9-a136-a47fc29a4977', 'c66c67e6-3d08-5922-9abc-845e266b19c5', 'A', 'Bilgisayar teknolojileri ve enformasyon akışı', true, 0),
  ('566e5167-964c-5cbb-83ae-019af07a3781', 'c66c67e6-3d08-5922-9abc-845e266b19c5', 'B', 'Ekonomi ve üretim', false, 1),
  ('4fef6dc9-c345-56de-b6c6-da26b184e1a3', 'c66c67e6-3d08-5922-9abc-845e266b19c5', 'C', 'Askeri teknolojiler', false, 2),
  ('ef92509f-6da5-575e-975a-5c0c929cdc6d', 'c66c67e6-3d08-5922-9abc-845e266b19c5', 'D', 'Endüstriyel gelişme ve sanayi', false, 3),
  ('50bd7824-5e76-5583-ac9e-5922c1ed3c74', 'c66c67e6-3d08-5922-9abc-845e266b19c5', 'E', 'Sosyokültürel değerler', false, 4)
on conflict (id) do update set option_text=excluded.option_text, is_correct=excluded.is_correct, sort_order=excluded.sort_order;

insert into public.questions (id, exam_id, question_number, question_text) values
  ('9d14417a-c4df-544a-80f3-5b33020ca279', '7ebc0a28-f12a-5adc-8c73-64c942930014', 22, 'İnternetin sosyal etkileşim olanaklarının kullanıldığı Web 2.0 araçlarının genel adı aşağıdakilerden hangisidir?')
on conflict (id) do update set question_text=excluded.question_text, question_number=excluded.question_number;
insert into public.question_options (id, question_id, option_label, option_text, is_correct, sort_order) values
  ('3d9c8c29-8b2b-5590-a682-e548685e4d73', '9d14417a-c4df-544a-80f3-5b33020ca279', 'A', 'Sosyal paylaşım', false, 0),
  ('ca83e94d-4652-543c-af8b-24be5c952798', '9d14417a-c4df-544a-80f3-5b33020ca279', 'B', 'Sosyal medya', true, 1),
  ('293217a4-6df4-5455-ba57-4a02924699a4', '9d14417a-c4df-544a-80f3-5b33020ca279', 'C', 'Sosyal ağlar', false, 2),
  ('60588569-3cf5-5556-bee1-af99a2c01728', '9d14417a-c4df-544a-80f3-5b33020ca279', 'D', 'Bloglar', false, 3),
  ('7711c803-6c49-55df-aeae-7971a9a14e44', '9d14417a-c4df-544a-80f3-5b33020ca279', 'E', 'Forumlar', false, 4)
on conflict (id) do update set option_text=excluded.option_text, is_correct=excluded.is_correct, sort_order=excluded.sort_order;

insert into public.questions (id, exam_id, question_number, question_text) values
  ('1ea69e5a-9c50-5406-bcd6-dfc52910eb17', '7ebc0a28-f12a-5adc-8c73-64c942930014', 23, 'Aşağıdakilerden hangisi, sosyal ağ sitelerinin genel özelliklerinden biri değildir?')
on conflict (id) do update set question_text=excluded.question_text, question_number=excluded.question_number;
insert into public.question_options (id, question_id, option_label, option_text, is_correct, sort_order) values
  ('ddfa3a6c-1b53-5993-8d91-f28bf42cca66', '1ea69e5a-9c50-5406-bcd6-dfc52910eb17', 'A', 'Kullanıcıların profil yaratmaları', false, 0),
  ('1bb59f43-8b7c-557e-82b4-3c6ed78294ac', '1ea69e5a-9c50-5406-bcd6-dfc52910eb17', 'B', 'Diğer kullanıcılar ile bağlantı kurulması', false, 1),
  ('48092cd1-0328-54fa-a2ab-b46ddb2816cf', '1ea69e5a-9c50-5406-bcd6-dfc52910eb17', 'C', 'Etiketler ile yorum yapılması', false, 2),
  ('798bf9fe-61c6-5efa-8397-9fb9f8bed752', '1ea69e5a-9c50-5406-bcd6-dfc52910eb17', 'D', 'Üyelik için diğer kullanıcılardan davet gerekmesi', true, 3),
  ('36fc96bf-ed94-5663-96e4-efbb32b41a2e', '1ea69e5a-9c50-5406-bcd6-dfc52910eb17', 'E', 'Sanal topluluk ve grupların oluşması', false, 4)
on conflict (id) do update set option_text=excluded.option_text, is_correct=excluded.is_correct, sort_order=excluded.sort_order;

insert into public.questions (id, exam_id, question_number, question_text) values
  ('d8a5ba5b-b173-5570-8e1d-e18b19dea08c', '7ebc0a28-f12a-5adc-8c73-64c942930014', 24, 'Aşağıdakilerden hangisi, sosyal ağ sitelerinin elektronik ticarete yönelik kullanımına örnektir?')
on conflict (id) do update set question_text=excluded.question_text, question_number=excluded.question_number;
insert into public.question_options (id, question_id, option_label, option_text, is_correct, sort_order) values
  ('14a4307e-0575-51eb-ac2f-0bca10c5ff12', 'd8a5ba5b-b173-5570-8e1d-e18b19dea08c', 'A', 'Ders etkinlikleri için grup oluşturma', false, 0),
  ('5a0a9fe9-0a41-5121-8ad5-b51fb6a6981f', 'd8a5ba5b-b173-5570-8e1d-e18b19dea08c', 'B', 'Ortak ilgi alanına sahip kişilerle haberleşme', false, 1),
  ('cd61b0ba-d412-50c9-8ab8-7cce3a64988e', 'd8a5ba5b-b173-5570-8e1d-e18b19dea08c', 'C', 'Sosyal organizasyonları takip etme', false, 2),
  ('cdb18092-6f8f-54db-8e85-8b1436f8ab24', 'd8a5ba5b-b173-5570-8e1d-e18b19dea08c', 'D', 'İş ilanına başvurma', false, 3),
  ('75d19161-29d4-5739-9295-31e67644f05d', 'd8a5ba5b-b173-5570-8e1d-e18b19dea08c', 'E', 'Tanıdıklara ürün tavsiye etme', true, 4)
on conflict (id) do update set option_text=excluded.option_text, is_correct=excluded.is_correct, sort_order=excluded.sort_order;

insert into public.questions (id, exam_id, question_number, question_text) values
  ('34aa7bbe-815c-5903-aac9-b33f1b0e782d', '7ebc0a28-f12a-5adc-8c73-64c942930014', 25, 'Sosyal ağların kullanım alanlarının çeşitlenmesinin temel nedeni aşağıdakilerden hangisidir?')
on conflict (id) do update set question_text=excluded.question_text, question_number=excluded.question_number;
insert into public.question_options (id, question_id, option_label, option_text, is_correct, sort_order) values
  ('dcd50670-77a4-5297-b442-f743f485c15a', '34aa7bbe-815c-5903-aac9-b33f1b0e782d', 'A', 'Elektronik ticaretin yaygınlaşması', false, 0),
  ('282e8ed3-ab12-502d-8314-11e7d0d46288', '34aa7bbe-815c-5903-aac9-b33f1b0e782d', 'B', 'Ağlardaki kullanıcı sayısının artma eğilimi', false, 1),
  ('4aab6b58-6d0d-5d5c-a5b1-b7440f76cb02', '34aa7bbe-815c-5903-aac9-b33f1b0e782d', 'C', 'Bilgi iletişim teknolojilerinin gelişmesi', true, 2),
  ('ad2a3ff8-ca9c-5446-9f8b-bd8926f6665c', '34aa7bbe-815c-5903-aac9-b33f1b0e782d', 'D', 'Sanal toplulukların oluşması', false, 3),
  ('bc2ff295-fc87-53b7-bff8-10c425aa0708', '34aa7bbe-815c-5903-aac9-b33f1b0e782d', 'E', 'İnternet trafiğinin izlenmesi', false, 4)
on conflict (id) do update set option_text=excluded.option_text, is_correct=excluded.is_correct, sort_order=excluded.sort_order;

insert into public.questions (id, exam_id, question_number, question_text) values
  ('4988b17a-c515-5571-b242-350700b278d0', '7ebc0a28-f12a-5adc-8c73-64c942930014', 26, 'Aşağıdakilerden hangisi sosyal ağ sitelerini kullanmak için mutlaka gereklidir?')
on conflict (id) do update set question_text=excluded.question_text, question_number=excluded.question_number;
insert into public.question_options (id, question_id, option_label, option_text, is_correct, sort_order) values
  ('cb1f86f8-3894-5e25-a747-0e73e36e03e2', '4988b17a-c515-5571-b242-350700b278d0', 'A', 'İnternet erişimine sahip olmak', true, 0),
  ('13d07c8f-7f25-558d-ae66-137fc5da503f', '4988b17a-c515-5571-b242-350700b278d0', 'B', 'Ücret ödemek', false, 1),
  ('e375ecb4-0914-5a2c-b91a-7bf7c0b0ca64', '4988b17a-c515-5571-b242-350700b278d0', 'C', 'Siteden davet gelmesi', false, 2),
  ('e385e907-551a-58e0-aa47-c9e30a5a3e61', '4988b17a-c515-5571-b242-350700b278d0', 'D', 'İletişim bilgisi olarak telefon numarası vermek', false, 3),
  ('8328b9e0-86c9-5944-bf9a-f4089477c800', '4988b17a-c515-5571-b242-350700b278d0', 'E', 'Medya okuryazarlığı becerilerine sahip olmak', false, 4)
on conflict (id) do update set option_text=excluded.option_text, is_correct=excluded.is_correct, sort_order=excluded.sort_order;

insert into public.questions (id, exam_id, question_number, question_text) values
  ('8c3c3704-1b28-56d6-b8bc-3e8569450c96', '7ebc0a28-f12a-5adc-8c73-64c942930014', 27, 'Facebook''ta faaliyet alanı ile ilgili tanıtım yapmak isteyen bir şirket için en uygun eylem aşağıdakilerden hangisidir?')
on conflict (id) do update set question_text=excluded.question_text, question_number=excluded.question_number;
insert into public.question_options (id, question_id, option_label, option_text, is_correct, sort_order) values
  ('9d561b11-e0b9-50cf-8cc6-04d1d9cdba03', '8c3c3704-1b28-56d6-b8bc-3e8569450c96', 'A', 'Bireysel hesap açmak', false, 0),
  ('7be56c54-e62a-5642-b8c7-3599e07fd414', '8c3c3704-1b28-56d6-b8bc-3e8569450c96', 'B', 'Herkese açık grup açarak etkinlik düzenlemek', false, 1),
  ('5aba1e27-1016-5faf-b0d9-0beae08a2087', '8c3c3704-1b28-56d6-b8bc-3e8569450c96', 'C', 'Kapalı grup açmak', false, 2),
  ('6074244c-c3f8-55d9-a0a7-9c758b4ae82f', '8c3c3704-1b28-56d6-b8bc-3e8569450c96', 'D', 'Sadece kendi personelinin yer aldığı bir gizli grup açmak', false, 3),
  ('e2884d3d-e758-5c45-96c2-0f0e48b080c1', '8c3c3704-1b28-56d6-b8bc-3e8569450c96', 'E', 'Şirkete ait bir sayfa oluşturmak', true, 4)
on conflict (id) do update set option_text=excluded.option_text, is_correct=excluded.is_correct, sort_order=excluded.sort_order;

insert into public.questions (id, exam_id, question_number, question_text) values
  ('f21e41d2-7977-5334-aab4-397c9b9dbebc', '7ebc0a28-f12a-5adc-8c73-64c942930014', 28, 'LinkedIn''deki onaylama sistemi nedir?')
on conflict (id) do update set question_text=excluded.question_text, question_number=excluded.question_number;
insert into public.question_options (id, question_id, option_label, option_text, is_correct, sort_order) values
  ('7b65c808-166d-5cf6-a709-cdc0a17da997', 'f21e41d2-7977-5334-aab4-397c9b9dbebc', 'A', 'Kullanıcının iş başvurusunun olumlu sonuçlanması', false, 0),
  ('54163900-d3dd-5d12-afd7-12631a32a59d', 'f21e41d2-7977-5334-aab4-397c9b9dbebc', 'B', 'Kullanıcının yetenek, beceri ve deneyimlerinin bağlantıda olduğu kişilerce geçerlenmesi', true, 1),
  ('04c48906-c844-5d49-a3de-0027c9ef0a23', 'f21e41d2-7977-5334-aab4-397c9b9dbebc', 'C', 'Kullanıcı hakkında olumlu tavsiye mektubu yazılması', false, 2),
  ('e9af4947-7c8b-59b0-a471-a3681ec9f894', 'f21e41d2-7977-5334-aab4-397c9b9dbebc', 'D', 'Kullanıcının yaptığı paylaşımların beğenilmesi', false, 3),
  ('7b92aba9-dc78-5ee1-97a7-497799ae918a', 'f21e41d2-7977-5334-aab4-397c9b9dbebc', 'E', 'Kullanıcının paylaşımlarının başkaları tarafından da paylaşılması', false, 4)
on conflict (id) do update set option_text=excluded.option_text, is_correct=excluded.is_correct, sort_order=excluded.sort_order;

insert into public.questions (id, exam_id, question_number, question_text) values
  ('256116ed-da16-504e-9ff6-534715571062', '7ebc0a28-f12a-5adc-8c73-64c942930014', 29, 'YouTube''da aşağıdakilerden hangisini yapmak için siteye üye olmak gerekmez?')
on conflict (id) do update set question_text=excluded.question_text, question_number=excluded.question_number;
insert into public.question_options (id, question_id, option_label, option_text, is_correct, sort_order) values
  ('6ef6d567-05e3-5db3-9e9f-e5905f8d294f', '256116ed-da16-504e-9ff6-534715571062', 'A', 'Video oluşturmak', false, 0),
  ('9451791a-d655-5478-8d7d-c936a089df74', '256116ed-da16-504e-9ff6-534715571062', 'B', 'Video yüklemek', false, 1),
  ('3f82d96f-edfe-5c35-8147-e6369975c850', '256116ed-da16-504e-9ff6-534715571062', 'C', 'Video izlemek', true, 2),
  ('067d2dee-3b19-5093-bb12-96336edc7ab8', '256116ed-da16-504e-9ff6-534715571062', 'D', 'Yayınlanan videolara yorum yapmak', false, 3),
  ('68e31818-7f2d-5c09-8b9c-03798955d132', '256116ed-da16-504e-9ff6-534715571062', 'E', 'Kendine ait kanal oluşturmak', false, 4)
on conflict (id) do update set option_text=excluded.option_text, is_correct=excluded.is_correct, sort_order=excluded.sort_order;

insert into public.questions (id, exam_id, question_number, question_text) values
  ('c64fa7d3-a4d7-5d72-8061-d5112d4804e3', '7ebc0a28-f12a-5adc-8c73-64c942930014', 30, 'Medya okuryazarlığına ilişkin iki temel unsur hangileridir?')
on conflict (id) do update set question_text=excluded.question_text, question_number=excluded.question_number;
insert into public.question_options (id, question_id, option_label, option_text, is_correct, sort_order) values
  ('a4371659-0349-58be-a9c1-2f45ebcfcd58', 'c64fa7d3-a4d7-5d72-8061-d5112d4804e3', 'A', 'İçerik üretme yeterliliği – Veri madenciliği', false, 0),
  ('7716f40b-7862-531b-ad13-2409938dcbaa', 'c64fa7d3-a4d7-5d72-8061-d5112d4804e3', 'B', 'Bağlantı kurma yeteneği – Paylaşım sayısının miktarı', false, 1),
  ('9ed6d9db-a12d-59b6-b569-4d1b411b95cc', 'c64fa7d3-a4d7-5d72-8061-d5112d4804e3', 'C', 'İnterneti kullanma deneyimi - Mesajı uygun ortamda sunabilme yeterliliği', false, 2),
  ('20cb12c0-5997-5468-abea-9cb9e080fc71', 'c64fa7d3-a4d7-5d72-8061-d5112d4804e3', 'D', 'Teknolojiyi kullanma becerisi – İnterneti kullanma deneyimi', false, 3),
  ('92c2ce75-0e6f-56e3-9092-fefb67debf86', 'c64fa7d3-a4d7-5d72-8061-d5112d4804e3', 'E', 'Teknolojiyi kullanma becerisi - İçeriği değerlendirebilme yeteneği', true, 4)
on conflict (id) do update set option_text=excluded.option_text, is_correct=excluded.is_correct, sort_order=excluded.sort_order;

insert into public.questions (id, exam_id, question_number, question_text) values
  ('6aafb2a2-9e54-5421-9a82-910591daddf4', '7ebc0a28-f12a-5adc-8c73-64c942930014', 31, 'İnsanlığın teknolojik evrimi göz önüne alındığında kullandıkları ilk alet aşağıdakilerden hangisini sağlamaya yöneliktir?')
on conflict (id) do update set question_text=excluded.question_text, question_number=excluded.question_number;
insert into public.question_options (id, question_id, option_label, option_text, is_correct, sort_order) values
  ('277a8967-8593-5afd-bfab-0c8642fe796a', '6aafb2a2-9e54-5421-9a82-910591daddf4', 'A', 'Diğer insanlardan korunmak', false, 0),
  ('7bf07e8a-4289-52c6-9442-e69d77ba22dd', '6aafb2a2-9e54-5421-9a82-910591daddf4', 'B', 'Barınak inşa etmek', false, 1),
  ('715a15d0-5561-5e5e-b174-fa7735211674', '6aafb2a2-9e54-5421-9a82-910591daddf4', 'C', 'Yiyecek aramak ve yırtıcı hayvanlardan korunmak', true, 2),
  ('c1f7c082-cb11-5b92-8744-428a8217adab', '6aafb2a2-9e54-5421-9a82-910591daddf4', 'D', 'Tarımsal üretime geçmek', false, 3),
  ('bf287899-9aac-551e-a62a-d676b9222e4e', '6aafb2a2-9e54-5421-9a82-910591daddf4', 'E', 'Hayvancılık yapmak', false, 4)
on conflict (id) do update set option_text=excluded.option_text, is_correct=excluded.is_correct, sort_order=excluded.sort_order;

insert into public.questions (id, exam_id, question_number, question_text) values
  ('ac429261-816c-52ca-acf2-bfab621f445b', '7ebc0a28-f12a-5adc-8c73-64c942930014', 32, 'Aşağıdakilerden hangisi tarihsel süreç içerisinde var olan toplum türlerinden biri değildir?')
on conflict (id) do update set question_text=excluded.question_text, question_number=excluded.question_number;
insert into public.question_options (id, question_id, option_label, option_text, is_correct, sort_order) values
  ('f4cdde90-1051-52de-a6f8-6b8c17c9d2ca', 'ac429261-816c-52ca-acf2-bfab621f445b', 'A', 'Avcı-toplayıcı toplum', false, 0),
  ('aa5f85d2-ceed-5cde-b71a-b53d5113ae66', 'ac429261-816c-52ca-acf2-bfab621f445b', 'B', 'Ekonomik toplum', true, 1),
  ('b291e743-5cd6-58b6-8ebd-57ddf0c2abbe', 'ac429261-816c-52ca-acf2-bfab621f445b', 'C', 'Tarım toplumu', false, 2),
  ('ccd3525e-b7af-5ae9-8910-300a2ae12c5a', 'ac429261-816c-52ca-acf2-bfab621f445b', 'D', 'Sanayi toplumu', false, 3),
  ('3433ce4d-e0a5-5014-b79a-9bc96764fe7a', 'ac429261-816c-52ca-acf2-bfab621f445b', 'E', 'Bilgi toplumu', false, 4)
on conflict (id) do update set option_text=excluded.option_text, is_correct=excluded.is_correct, sort_order=excluded.sort_order;

insert into public.questions (id, exam_id, question_number, question_text) values
  ('caffbd5b-d33c-57c0-b384-a4a0271815a8', '7ebc0a28-f12a-5adc-8c73-64c942930014', 33, 'Çömlekçilik temel olarak aşağıdaki gereksinimlerden hangisini karşılamaya yönelik ortaya çıkmıştır?')
on conflict (id) do update set question_text=excluded.question_text, question_number=excluded.question_number;
insert into public.question_options (id, question_id, option_label, option_text, is_correct, sort_order) values
  ('d63da1fb-357e-59b2-add6-aaf9ad3f0f98', 'caffbd5b-d33c-57c0-b384-a4a0271815a8', 'A', 'Yapıların süslenmesi', false, 0),
  ('31be9170-38d0-5f10-91bd-81fcd0bf0c89', 'caffbd5b-d33c-57c0-b384-a4a0271815a8', 'B', 'Tahılların samandan ayrılması', false, 1),
  ('02c42375-2cef-5dc7-a79a-6c23ccb63944', 'caffbd5b-d33c-57c0-b384-a4a0271815a8', 'C', 'Tahılların sınıflanması', false, 2),
  ('38a3c84a-44cc-5583-9558-fa4ca07666e0', 'caffbd5b-d33c-57c0-b384-a4a0271815a8', 'D', 'Tahılların harmanlanması', false, 3),
  ('80a66c41-d6c1-5e03-8bb5-c432f3d86373', 'caffbd5b-d33c-57c0-b384-a4a0271815a8', 'E', 'Ürünlerin saklanması ve taşınması', true, 4)
on conflict (id) do update set option_text=excluded.option_text, is_correct=excluded.is_correct, sort_order=excluded.sort_order;

insert into public.questions (id, exam_id, question_number, question_text) values
  ('26db92f1-38f6-50d9-aa2d-ef893bca8009', '7ebc0a28-f12a-5adc-8c73-64c942930014', 34, 'Aşağıdakilerden hangisi sanayi devriminin sonuçlarından biri değildir?')
on conflict (id) do update set question_text=excluded.question_text, question_number=excluded.question_number;
insert into public.question_options (id, question_id, option_label, option_text, is_correct, sort_order) values
  ('14f273d6-d8b9-5e9c-b0e6-a5f531e92ed4', '26db92f1-38f6-50d9-aa2d-ef893bca8009', 'A', 'İşbölümünün yaygınlaşması', false, 0),
  ('1022fa95-c347-5577-aca2-65e365998e65', '26db92f1-38f6-50d9-aa2d-ef893bca8009', 'B', 'Üretimde standartlaşma olması', false, 1),
  ('b82430a3-c7fd-5b0d-891d-117cf2f3190c', '26db92f1-38f6-50d9-aa2d-ef893bca8009', 'C', 'Sınıf kavgalarının azalması', true, 2),
  ('cea9cdc9-7ab1-5571-89b6-2d8fdf4fb4ec', '26db92f1-38f6-50d9-aa2d-ef893bca8009', 'D', 'Ailelerin üretim merkezi olmaktan çıkması', false, 3),
  ('804806fe-2737-57ec-8fdb-3d2ebfe4708a', '26db92f1-38f6-50d9-aa2d-ef893bca8009', 'E', 'Kentlere göçün artması', false, 4)
on conflict (id) do update set option_text=excluded.option_text, is_correct=excluded.is_correct, sort_order=excluded.sort_order;

insert into public.questions (id, exam_id, question_number, question_text) values
  ('0ff3929b-f41e-5c45-ac75-9368cae26a59', '7ebc0a28-f12a-5adc-8c73-64c942930014', 35, 'Bilgi toplumuna geçişte en önemli etken aşağıdakilerden hangisidir?')
on conflict (id) do update set question_text=excluded.question_text, question_number=excluded.question_number;
insert into public.question_options (id, question_id, option_label, option_text, is_correct, sort_order) values
  ('af8937ce-a5af-51f3-a2f4-b7b0389bff38', '0ff3929b-f41e-5c45-ac75-9368cae26a59', 'A', 'Üretimde ve tüketimde kitlesellik', false, 0),
  ('961bcb42-bb8b-5feb-9fba-fd4bd2b54c3d', '0ff3929b-f41e-5c45-ac75-9368cae26a59', 'B', 'Eğitimde standartlaşma', false, 1),
  ('cd93ec95-3e57-55fc-a943-15a57529ed00', '0ff3929b-f41e-5c45-ac75-9368cae26a59', 'C', 'Kentlere göçün artması', false, 2),
  ('0d8d7746-0a63-588a-9de2-8e343e5113d9', '0ff3929b-f41e-5c45-ac75-9368cae26a59', 'D', 'Elektronik teknolojisindeki büyük atılımlar', true, 3),
  ('c6d90d58-9c37-5998-be09-1ba41d1eed5d', '0ff3929b-f41e-5c45-ac75-9368cae26a59', 'E', 'Sağlık hizmetlerinin yaygınlaşması', false, 4)
on conflict (id) do update set option_text=excluded.option_text, is_correct=excluded.is_correct, sort_order=excluded.sort_order;

insert into public.questions (id, exam_id, question_number, question_text) values
  ('c706f3c1-fe37-5c5d-a357-21b080db76b2', '7ebc0a28-f12a-5adc-8c73-64c942930014', 36, 'Aşağıdakilerden hangisi teknolojik gelişmelerin olumsuz etkilerinden biri değildir?')
on conflict (id) do update set question_text=excluded.question_text, question_number=excluded.question_number;
insert into public.question_options (id, question_id, option_label, option_text, is_correct, sort_order) values
  ('c5c59c73-4fa8-5728-b1f2-b8d7267bced2', 'c706f3c1-fe37-5c5d-a357-21b080db76b2', 'A', 'Sosyal ilişkilerin artması', true, 0),
  ('adb47be4-288a-5eb1-9732-f10a468839fd', 'c706f3c1-fe37-5c5d-a357-21b080db76b2', 'B', 'Çevre kirliliğinin artması', false, 1),
  ('75107855-cb31-5f96-a9d3-64d483ce5f1e', 'c706f3c1-fe37-5c5d-a357-21b080db76b2', 'C', 'İnsan sağlığının olumsuz etkilenmesi', false, 2),
  ('c9c3d1d0-29e9-5db0-92ce-37a3c7f3e153', 'c706f3c1-fe37-5c5d-a357-21b080db76b2', 'D', 'Makineleşmeyle birlikte işsizliğin artması', false, 3),
  ('5683d5f2-923a-51c5-85aa-558c888f4356', 'c706f3c1-fe37-5c5d-a357-21b080db76b2', 'E', 'Tarımın modernleşmesiyle toprağın fakirleşmesi', false, 4)
on conflict (id) do update set option_text=excluded.option_text, is_correct=excluded.is_correct, sort_order=excluded.sort_order;

insert into public.questions (id, exam_id, question_number, question_text) values
  ('515d174c-dd5f-516b-9805-62459d2a1be2', '7ebc0a28-f12a-5adc-8c73-64c942930014', 37, 'Teknolojinin toplum veya birey üzerinde etkisi olmadığı ve teknolojinin etkisinin kullanıcılar tarafından belirlendiği görüşünü içeren yaklaşım aşağıdakilerden hangisidir?')
on conflict (id) do update set question_text=excluded.question_text, question_number=excluded.question_number;
insert into public.question_options (id, question_id, option_label, option_text, is_correct, sort_order) values
  ('f2161325-881e-5518-bf2a-04b1045146da', '515d174c-dd5f-516b-9805-62459d2a1be2', 'A', 'Ağ toplumu', false, 0),
  ('32d2c70a-52e9-5339-a76c-14621ea09cc1', '515d174c-dd5f-516b-9805-62459d2a1be2', 'B', 'Sosyal belirlenimcilik', false, 1),
  ('bf17b30d-3302-5bd3-9ad2-9175d87418d2', '515d174c-dd5f-516b-9805-62459d2a1be2', 'C', 'Teknolojik belirlenimcilik', false, 2),
  ('afd08012-1884-5ea9-b016-3eabaccb80a9', '515d174c-dd5f-516b-9805-62459d2a1be2', 'D', 'Kullanıma odaklanan belirlenimcilik', true, 3),
  ('d766f252-da1b-5b4c-a847-dcd1c29671e8', '515d174c-dd5f-516b-9805-62459d2a1be2', 'E', 'Ütopyan bakış açısı', false, 4)
on conflict (id) do update set option_text=excluded.option_text, is_correct=excluded.is_correct, sort_order=excluded.sort_order;

insert into public.questions (id, exam_id, question_number, question_text) values
  ('a374a8ee-9fe1-52b4-b0c6-1bef28144639', '7ebc0a28-f12a-5adc-8c73-64c942930014', 38, 'Aşağıdakilerden hangisi teknolojik gelişmelerin toplumu olumsuz etkilediğini savunan düşünürlerin bakış açısını ifade eder?')
on conflict (id) do update set question_text=excluded.question_text, question_number=excluded.question_number;
insert into public.question_options (id, question_id, option_label, option_text, is_correct, sort_order) values
  ('8284f7f8-b711-5c55-9491-8b6da84f0bec', 'a374a8ee-9fe1-52b4-b0c6-1bef28144639', 'A', 'Ütopyan', false, 0),
  ('0aad4ddf-9186-5de0-8060-641a6d40581d', 'a374a8ee-9fe1-52b4-b0c6-1bef28144639', 'B', 'Distopyan', true, 1),
  ('447edb03-e9b8-54dd-b44e-ea55e957e6a5', 'a374a8ee-9fe1-52b4-b0c6-1bef28144639', 'C', 'Postmodern', false, 2),
  ('7740fc58-fd25-5e50-ab4c-dd2ae3926493', 'a374a8ee-9fe1-52b4-b0c6-1bef28144639', 'D', 'Dijital yerli', false, 3),
  ('c1705cbd-7f18-5cff-bb24-abe12f34a703', 'a374a8ee-9fe1-52b4-b0c6-1bef28144639', 'E', 'Dijital göçebe', false, 4)
on conflict (id) do update set option_text=excluded.option_text, is_correct=excluded.is_correct, sort_order=excluded.sort_order;

insert into public.questions (id, exam_id, question_number, question_text) values
  ('06829605-2ea0-5604-b737-d92e0e1f9e2b', '7ebc0a28-f12a-5adc-8c73-64c942930014', 39, 'Yeterli sayıda insanın, insani duygularla siber alanda kişiler arası ağ kurmak üzere kamusal tartışmalara yeterince uzun bir süre katılmasıyla ağ içerisinde oluşturdukları toplumsal kümelenmelere ne ad verilir?')
on conflict (id) do update set question_text=excluded.question_text, question_number=excluded.question_number;
insert into public.question_options (id, question_id, option_label, option_text, is_correct, sort_order) values
  ('cbdbb064-fa1d-51e8-af1d-450ea5933f48', '06829605-2ea0-5604-b737-d92e0e1f9e2b', 'A', 'Sanal topluluk', true, 0),
  ('6a8dda43-bf89-5380-9be9-9c977b9b7593', '06829605-2ea0-5604-b737-d92e0e1f9e2b', 'B', 'Bilgi toplumu', false, 1),
  ('68da42af-e1f8-5d43-a334-8cdbc1ae887d', '06829605-2ea0-5604-b737-d92e0e1f9e2b', 'C', 'İşbirliği halindeki topluluklar', false, 2),
  ('fd1ec121-46c7-5da9-b3f7-cccf070f0983', '06829605-2ea0-5604-b737-d92e0e1f9e2b', 'D', 'Ağ toplumu', false, 3),
  ('9b22815e-5056-55fb-ad85-0763191491c4', '06829605-2ea0-5604-b737-d92e0e1f9e2b', 'E', 'Dijital topluluk', false, 4)
on conflict (id) do update set option_text=excluded.option_text, is_correct=excluded.is_correct, sort_order=excluded.sort_order;

insert into public.questions (id, exam_id, question_number, question_text) values
  ('abaf3170-30d6-5e49-8aa2-f34e473f4667', '7ebc0a28-f12a-5adc-8c73-64c942930014', 40, 'Aşağıdakilerden hangisi çevrimiçi ortamlarda bireylerin kendini sunma yöntemlerinden biridir?')
on conflict (id) do update set question_text=excluded.question_text, question_number=excluded.question_number;
insert into public.question_options (id, question_id, option_label, option_text, is_correct, sort_order) values
  ('bbb8ae26-4bbb-5419-9a7f-81626d15ac08', 'abaf3170-30d6-5e49-8aa2-f34e473f4667', 'A', 'Ağlarda gezinme', false, 0),
  ('4b2b69f2-7f67-50a4-b207-eeb3ea59fd94', 'abaf3170-30d6-5e49-8aa2-f34e473f4667', 'B', 'Video çekimi', false, 1),
  ('fc72e99d-f0f6-5600-853c-e6883c4d4fbb', 'abaf3170-30d6-5e49-8aa2-f34e473f4667', 'C', 'Sanal iletişim', false, 2),
  ('cdd75b0f-9411-5cac-a794-844a6e749ab9', 'abaf3170-30d6-5e49-8aa2-f34e473f4667', 'D', 'Topluluk oluşturma', false, 3),
  ('10728906-c118-5b5a-be24-ee4cb88bc933', 'abaf3170-30d6-5e49-8aa2-f34e473f4667', 'E', 'Özçekim', true, 4)
on conflict (id) do update set option_text=excluded.option_text, is_correct=excluded.is_correct, sort_order=excluded.sort_order;

insert into public.questions (id, exam_id, question_number, question_text) values
  ('56cf610c-231c-5917-9ad1-9ef3f13755fa', '7ebc0a28-f12a-5adc-8c73-64c942930014', 41, 'Aşağıdakilerden hangisi Bilgisayar Etik Enstitüsü tarafından geliştirilen ve bilgisayar kullanım konusunda etik ilkelerinin temelini oluşturan ilkelerden biri değildir?')
on conflict (id) do update set question_text=excluded.question_text, question_number=excluded.question_number;
insert into public.question_options (id, question_id, option_label, option_text, is_correct, sort_order) values
  ('5f673cdd-cf65-5fcf-b34c-2e866b1e0e9e', '56cf610c-231c-5917-9ad1-9ef3f13755fa', 'A', 'Bilgisayar hırsızlık yapmak için kullanılamaz.', false, 0),
  ('cda183eb-91e5-567d-9fd0-fa5892875711', '56cf610c-231c-5917-9ad1-9ef3f13755fa', 'B', 'Kişi yazdığı programın sosyal hayata etkilerini dikkate almalıdır.', false, 1),
  ('c5122d70-e03f-51fe-9ec7-5e0438f35b43', '56cf610c-231c-5917-9ad1-9ef3f13755fa', 'C', 'Başka insanların bilgisayar çalışmaları karıştırılamaz.', false, 2),
  ('9dae71e7-21e0-5a02-9d43-41b52a44977b', '56cf610c-231c-5917-9ad1-9ef3f13755fa', 'D', 'Bilgisayar yalan bilgiyi yaymak için kullanılamaz.', false, 3),
  ('235ab7b4-4a71-5a01-9a34-f348162631b3', '56cf610c-231c-5917-9ad1-9ef3f13755fa', 'E', 'Bilgisayar insanlara kar getirecek işlerde kullanılamaz.', true, 4)
on conflict (id) do update set option_text=excluded.option_text, is_correct=excluded.is_correct, sort_order=excluded.sort_order;

insert into public.questions (id, exam_id, question_number, question_text) values
  ('f177aeeb-8e56-55da-9778-5b1418a47546', '7ebc0a28-f12a-5adc-8c73-64c942930014', 42, 'Aşağıdaki CC lisanslarından hangisi eserin ilk sahibinin belirtilmesi ve özgün halinin korunması gerektiği anlamına gelir?')
on conflict (id) do update set question_text=excluded.question_text, question_number=excluded.question_number;
insert into public.question_options (id, question_id, option_label, option_text, is_correct, sort_order) values
  ('e1a78efb-888a-526a-89de-438c13ff98ae', 'f177aeeb-8e56-55da-9778-5b1418a47546', 'A', 'CC BY-ND', true, 0),
  ('181082bf-8c85-5554-aae4-de88a32034ab', 'f177aeeb-8e56-55da-9778-5b1418a47546', 'B', 'CC BY-NC', false, 1),
  ('fea69f45-7eb7-5e1f-b878-f361336defc9', 'f177aeeb-8e56-55da-9778-5b1418a47546', 'C', 'CC BY-NC-ND', false, 2),
  ('c2dabf0f-3c30-5c27-926c-fa7688bf7b28', 'f177aeeb-8e56-55da-9778-5b1418a47546', 'D', 'CC BY', false, 3),
  ('7be76a36-136b-548d-9135-e6666d7395c5', 'f177aeeb-8e56-55da-9778-5b1418a47546', 'E', 'Public Domain / CC0', false, 4)
on conflict (id) do update set option_text=excluded.option_text, is_correct=excluded.is_correct, sort_order=excluded.sort_order;

insert into public.questions (id, exam_id, question_number, question_text) values
  ('aad3c9b8-2233-5934-b092-bc948184b38c', '7ebc0a28-f12a-5adc-8c73-64c942930014', 43, 'Aşağıdakilerden hangisi İnternette kaynak göstermeden yapılan intihal türüne bir örnektir?')
on conflict (id) do update set question_text=excluded.question_text, question_number=excluded.question_number;
insert into public.question_options (id, question_id, option_label, option_text, is_correct, sort_order) values
  ('f81ca653-1bcd-5c75-b909-3a48c52b0089', 'aad3c9b8-2233-5934-b092-bc948184b38c', 'A', 'Mükemmel suç', false, 0),
  ('0ccd9a0a-f38c-5cd5-9da0-da5b56831ba0', 'aad3c9b8-2233-5934-b092-bc948184b38c', 'B', 'Hayalet yazar', true, 1),
  ('67ee300f-b818-587b-8bf8-64e3e75a1536', 'aad3c9b8-2233-5934-b092-bc948184b38c', 'C', 'Yanlış Bilgilendirme', false, 2),
  ('47b8fd20-2e94-5c16-aa0e-230f54966c09', 'aad3c9b8-2233-5934-b092-bc948184b38c', 'D', 'Fazla Mükemmel Alıntı', false, 3),
  ('a75889ae-9b43-518e-af82-3dfa8bbd6c28', 'aad3c9b8-2233-5934-b092-bc948184b38c', 'E', 'Becerikli Atıf Yapma', false, 4)
on conflict (id) do update set option_text=excluded.option_text, is_correct=excluded.is_correct, sort_order=excluded.sort_order;

insert into public.questions (id, exam_id, question_number, question_text) values
  ('7e4d51cf-2005-50ae-a2be-f65cd6400d40', '7ebc0a28-f12a-5adc-8c73-64c942930014', 44, 'Bilişim alanındaki suçlarla ilgili olarak Avrupa Birliği uyum yasaları çerçevesinde hazırlanan 5237 sayılı Türk Ceza Kanunu hangi tarihte yürürlüğe girmiştir?')
on conflict (id) do update set question_text=excluded.question_text, question_number=excluded.question_number;
insert into public.question_options (id, question_id, option_label, option_text, is_correct, sort_order) values
  ('f1a7f9bd-2b7e-5330-8c0f-0420a9d91c99', '7e4d51cf-2005-50ae-a2be-f65cd6400d40', 'A', '1 Ocak 2004', false, 0),
  ('daaaa473-29c2-505a-b02f-9c0ed5eb5a74', '7e4d51cf-2005-50ae-a2be-f65cd6400d40', 'B', '31 Aralık 2014', false, 1),
  ('7e9bf832-8373-5313-a5f1-aa332b9d4c55', '7e4d51cf-2005-50ae-a2be-f65cd6400d40', 'C', '1 Haziran 2005', true, 2),
  ('543d2967-f4d0-5a5e-b392-52dac5c5f871', '7e4d51cf-2005-50ae-a2be-f65cd6400d40', 'D', '15 Ocak 2015', false, 3),
  ('6b828297-8ea7-51b7-bf92-84a35f8b65e4', '7e4d51cf-2005-50ae-a2be-f65cd6400d40', 'E', '10 Şubat 2012', false, 4)
on conflict (id) do update set option_text=excluded.option_text, is_correct=excluded.is_correct, sort_order=excluded.sort_order;

insert into public.questions (id, exam_id, question_number, question_text) values
  ('98159143-08b5-5b50-80a0-0fea75e83d61', '7ebc0a28-f12a-5adc-8c73-64c942930014', 45, 'Ulusal Açık Ders Malzemeleri (UADM) adıyla başlatılan proje hangi kurum tarafından başlatılmıştır?')
on conflict (id) do update set question_text=excluded.question_text, question_number=excluded.question_number;
insert into public.question_options (id, question_id, option_label, option_text, is_correct, sort_order) values
  ('2f4ddfb6-d9bb-5f8c-a923-088dc5bbfd17', '98159143-08b5-5b50-80a0-0fea75e83d61', 'A', 'Türk Sanayicileri ve İşadamları Derneği (TÜSİAD)', false, 0),
  ('cb47285f-bd37-5284-876f-af49c8e8a19e', '98159143-08b5-5b50-80a0-0fea75e83d61', 'B', 'Türkiye Bilimsel ve Teknolojik Araştırma Kurumu (TÜBİTAK)', false, 1),
  ('6ea7cdde-1f1f-5c20-9f7e-0b8027cf71d4', '98159143-08b5-5b50-80a0-0fea75e83d61', 'C', 'Yükseköğretim Kurulu (YÖK)', false, 2),
  ('80ce2ee8-f0f3-5d6e-ac9e-c5279741abf1', '98159143-08b5-5b50-80a0-0fea75e83d61', 'D', 'Türkiye Bilimler Akademisi (TÜBA)', true, 3),
  ('d8da1190-35eb-5f60-827d-c9cecd894fb1', '98159143-08b5-5b50-80a0-0fea75e83d61', 'E', 'Massachusetts Institute of Technology (MIT)', false, 4)
on conflict (id) do update set option_text=excluded.option_text, is_correct=excluded.is_correct, sort_order=excluded.sort_order;

insert into public.questions (id, exam_id, question_number, question_text) values
  ('44a2c4b9-cec4-5d61-b581-624a0a0062fb', '7ebc0a28-f12a-5adc-8c73-64c942930014', 46, 'Aşağıdakilerden hangisi İnternette etik dışı davranışların / intihallerin nedenleri arasında değildir?')
on conflict (id) do update set question_text=excluded.question_text, question_number=excluded.question_number;
insert into public.question_options (id, question_id, option_label, option_text, is_correct, sort_order) values
  ('565947ab-8ee0-596f-9325-04c98a3ac1a8', '44a2c4b9-cec4-5d61-b581-624a0a0062fb', 'A', 'Sosyal hayatın yoğunluğu', false, 0),
  ('26d0f5bf-6cdd-536f-87f4-13acdfb1520b', '44a2c4b9-cec4-5d61-b581-624a0a0062fb', 'B', 'Etik dışı davranışlarla ilgili bilgisizlik', false, 1),
  ('7c0592a1-d5d0-5db4-b0c9-de431e0f90d1', '44a2c4b9-cec4-5d61-b581-624a0a0062fb', 'C', 'Bilgi hırsı', true, 2),
  ('e0aec9fd-6cdc-522a-8d85-651647f1d171', '44a2c4b9-cec4-5d61-b581-624a0a0062fb', 'D', 'Yetersiz ceza', false, 3),
  ('18b86da8-34f0-5821-9068-915b703f81ab', '44a2c4b9-cec4-5d61-b581-624a0a0062fb', 'E', 'Zamansızlık', false, 4)
on conflict (id) do update set option_text=excluded.option_text, is_correct=excluded.is_correct, sort_order=excluded.sort_order;

insert into public.questions (id, exam_id, question_number, question_text) values
  ('b833eff9-053e-54b1-b18f-c99f48c3dd4c', '7ebc0a28-f12a-5adc-8c73-64c942930014', 47, 'Aşağıdakilerden hangisi İnternette kaynak göstererek yapılan intihal türüne bir örnektir?')
on conflict (id) do update set question_text=excluded.question_text, question_number=excluded.question_number;
insert into public.question_options (id, question_id, option_label, option_text, is_correct, sort_order) values
  ('cfa5ec33-9393-5ca1-a58e-c56065ffda69', 'b833eff9-053e-54b1-b18f-c99f48c3dd4c', 'A', 'Mükemmel Suç', true, 0),
  ('d97f12d4-aa8c-5f03-9857-37533dd90bfe', 'b833eff9-053e-54b1-b18f-c99f48c3dd4c', 'B', 'Kendinden Aşırma', false, 1),
  ('0d12df2f-b90e-5860-b77a-b5573c95fae1', 'b833eff9-053e-54b1-b18f-c99f48c3dd4c', 'C', 'Fotokopi', false, 2),
  ('b6d19d7b-5714-57c9-9b17-e71faea8e0ce', 'b833eff9-053e-54b1-b18f-c99f48c3dd4c', 'D', 'Emek Tembelliği', false, 3),
  ('3fb63b1f-fce0-5dc3-9492-f091a12924c1', 'b833eff9-053e-54b1-b18f-c99f48c3dd4c', 'E', 'Mevcut yazı', false, 4)
on conflict (id) do update set option_text=excluded.option_text, is_correct=excluded.is_correct, sort_order=excluded.sort_order;

insert into public.questions (id, exam_id, question_number, question_text) values
  ('8031dffb-1475-5e53-8b4f-042f90be41ae', '7ebc0a28-f12a-5adc-8c73-64c942930014', 48, '"Bir eylemi iyi ya da kötü kılan şey eylemin sonucu veya sonuçlarıdır." Bu ifadedeki anlayış hangi etik kurama aittir?')
on conflict (id) do update set question_text=excluded.question_text, question_number=excluded.question_number;
insert into public.question_options (id, question_id, option_label, option_text, is_correct, sort_order) values
  ('a9f98ba6-d45e-562f-8d1e-25589af5dbc8', '8031dffb-1475-5e53-8b4f-042f90be41ae', 'A', 'Deontoloji', false, 0),
  ('4dae514c-34ad-5542-811b-e072d9f1410c', '8031dffb-1475-5e53-8b4f-042f90be41ae', 'B', 'Kantçılık', false, 1),
  ('53bf0ae3-d78a-5792-9f6e-6c4f2bdecdd8', '8031dffb-1475-5e53-8b4f-042f90be41ae', 'C', 'Sonuçsal olmayan', false, 2),
  ('090bfcbc-cb3f-5788-9e8b-921133c1be8c', '8031dffb-1475-5e53-8b4f-042f90be41ae', 'D', 'Teoloji', true, 3),
  ('7957f709-05f4-5ab5-b490-257c0fd6dbcb', '8031dffb-1475-5e53-8b4f-042f90be41ae', 'E', 'Yeni Kantçılık', false, 4)
on conflict (id) do update set option_text=excluded.option_text, is_correct=excluded.is_correct, sort_order=excluded.sort_order;

insert into public.questions (id, exam_id, question_number, question_text) values
  ('b9053071-b52e-5a00-bf74-e8ec2974d07c', '7ebc0a28-f12a-5adc-8c73-64c942930014', 49, 'Bilişim dünyasında eylemlerin standartlarını ve çerçevelerini inceleyen etik yaklaşımı hangisidir?')
on conflict (id) do update set question_text=excluded.question_text, question_number=excluded.question_number;
insert into public.question_options (id, question_id, option_label, option_text, is_correct, sort_order) values
  ('60e884ba-ccf9-5d39-9ceb-56cc3112aa66', 'b9053071-b52e-5a00-bf74-e8ec2974d07c', 'A', 'Uygulamalı', false, 0),
  ('394c48c4-e033-5f84-b3f0-e8ba14d4407c', 'b9053071-b52e-5a00-bf74-e8ec2974d07c', 'B', 'Meta-etik', false, 1),
  ('93cdb16f-8406-5d7c-b769-b8ef12fcf8fd', 'b9053071-b52e-5a00-bf74-e8ec2974d07c', 'C', 'Deontoloji', false, 2),
  ('8386997c-daa7-5a9d-b0ac-79f80220f6f9', 'b9053071-b52e-5a00-bf74-e8ec2974d07c', 'D', 'Faydacılık', false, 3),
  ('e911265a-63d7-5364-98fd-e06423657587', 'b9053071-b52e-5a00-bf74-e8ec2974d07c', 'E', 'Normatif', true, 4)
on conflict (id) do update set option_text=excluded.option_text, is_correct=excluded.is_correct, sort_order=excluded.sort_order;

insert into public.questions (id, exam_id, question_number, question_text) values
  ('a404bf38-aed8-5e47-9e88-b7bb53f930c5', '7ebc0a28-f12a-5adc-8c73-64c942930014', 50, 'Başkalarına karşı saygı, altyapı ve zamanı verimli kullanma, biçimsel ve içerik ile ilgili özen ve diğer konular başlıkları altında İnternette iletişim ve etik kurallarını hangi kurum ortaya koymuştur?')
on conflict (id) do update set question_text=excluded.question_text, question_number=excluded.question_number;
insert into public.question_options (id, question_id, option_label, option_text, is_correct, sort_order) values
  ('05e3f772-259d-5d1a-9bc6-02f83bedf845', 'a404bf38-aed8-5e47-9e88-b7bb53f930c5', 'A', 'Türkiye Bilişim Vakfı', true, 0),
  ('a2a8c722-162d-5937-90d4-c058c596ae16', 'a404bf38-aed8-5e47-9e88-b7bb53f930c5', 'B', 'Türkiye Bilimler Akademisi', false, 1),
  ('cd65404e-3707-5148-bf3a-a457fe5f431a', 'a404bf38-aed8-5e47-9e88-b7bb53f930c5', 'C', 'Türkiye Bilişim Enstitüsü', false, 2),
  ('0c576702-2ebc-5a4b-aeee-28e965056e67', 'a404bf38-aed8-5e47-9e88-b7bb53f930c5', 'D', 'Türkiye Bilişim Derneği', false, 3),
  ('ab5fb9d8-5052-57dd-90a0-5e50cb11ae5d', 'a404bf38-aed8-5e47-9e88-b7bb53f930c5', 'E', 'Yükseköğretim Kurulu', false, 4)
on conflict (id) do update set option_text=excluded.option_text, is_correct=excluded.is_correct, sort_order=excluded.sort_order;

insert into public.questions (id, exam_id, question_number, question_text) values
  ('9f402376-b3a8-5691-b6ff-2f56be9b41ac', '7ebc0a28-f12a-5adc-8c73-64c942930014', 51, 'Yaşamboyu öğrenme ile ilgili aşağıdakilerden hangisi söylenemez?')
on conflict (id) do update set question_text=excluded.question_text, question_number=excluded.question_number;
insert into public.question_options (id, question_id, option_label, option_text, is_correct, sort_order) values
  ('80ef71b8-67f0-5833-b674-4145ff4ef5b2', '9f402376-b3a8-5691-b6ff-2f56be9b41ac', 'A', 'Yaşamboyu öğrenme, kontrolün kurum değil bireyin elinde olduğu bir öğrenme anlayışıdır.', false, 0),
  ('cc0b8ded-7c0e-5b91-a966-fc45c066cee9', '9f402376-b3a8-5691-b6ff-2f56be9b41ac', 'B', 'Yaşamboyu öğrenme, işbaşında eğitimi ifade eder.', true, 1),
  ('f6c8165e-d78c-5102-b285-f4bb3bca151d', '9f402376-b3a8-5691-b6ff-2f56be9b41ac', 'C', 'Yaşamboyu öğrenme, bireyin yaşamı boyunca kazandığı tüm öğrenmelerini içeren bir süreçtir.', false, 2),
  ('14bb5bc6-b7d1-5cd0-aee1-09443f8dc546', '9f402376-b3a8-5691-b6ff-2f56be9b41ac', 'D', 'Yaşamboyu öğrenme, öğrenme olanaklarının yaşamın tümüne yayılmasına vurgu yapar.', false, 3),
  ('97527950-2e79-55b7-9251-104e023ffd68', '9f402376-b3a8-5691-b6ff-2f56be9b41ac', 'E', 'Yaşamboyu öğrenme, öğrenme sürecinde bireylerin bilinçli, gönüllü ve kendini güdülemesi temeli üzerine kuruludur.', false, 4)
on conflict (id) do update set option_text=excluded.option_text, is_correct=excluded.is_correct, sort_order=excluded.sort_order;

insert into public.questions (id, exam_id, question_number, question_text) values
  ('d4d3f3a9-dc5d-5fa9-9a78-403f0113e6a7', '7ebc0a28-f12a-5adc-8c73-64c942930014', 52, 'Aşağıdakilerden hangisi yaşamboyu öğrenme konusunda gerçekleştirilen uygulama şekillerinden biri değildir?')
on conflict (id) do update set question_text=excluded.question_text, question_number=excluded.question_number;
insert into public.question_options (id, question_id, option_label, option_text, is_correct, sort_order) values
  ('09b631d7-bc3e-5519-97aa-218ebc5e339b', 'd4d3f3a9-dc5d-5fa9-9a78-403f0113e6a7', 'A', 'Kişisel gelişim', false, 0),
  ('e23177b4-0cc1-56df-9ceb-65bf74258c43', 'd4d3f3a9-dc5d-5fa9-9a78-403f0113e6a7', 'B', 'Planlı gelişim', false, 1),
  ('1a934fa7-1776-504a-b5a3-aafaeff7626e', 'd4d3f3a9-dc5d-5fa9-9a78-403f0113e6a7', 'C', 'Raslantıya bağlı gelişim', false, 2),
  ('99318e59-32a9-529a-b5b2-5f05155f2e0a', 'd4d3f3a9-dc5d-5fa9-9a78-403f0113e6a7', 'D', 'Akademik gelişim', true, 3),
  ('5a3dce2f-83c0-5c2d-b847-d9104524c6f1', 'd4d3f3a9-dc5d-5fa9-9a78-403f0113e6a7', 'E', 'Deneyime dayalı gelişim', false, 4)
on conflict (id) do update set option_text=excluded.option_text, is_correct=excluded.is_correct, sort_order=excluded.sort_order;

insert into public.questions (id, exam_id, question_number, question_text) values
  ('b04749c4-52f3-59dd-b538-7b3b82b72dca', '7ebc0a28-f12a-5adc-8c73-64c942930014', 53, 'Aşağıdakilerden hangisi yaşam boyu öğrenme sürecini, geleneksel öğrenme sürecinden ayıran özelliklerden biri değildir?')
on conflict (id) do update set question_text=excluded.question_text, question_number=excluded.question_number;
insert into public.question_options (id, question_id, option_label, option_text, is_correct, sort_order) values
  ('afe3feb8-b5ac-50ea-b4b7-e9aae5ae18c5', 'b04749c4-52f3-59dd-b538-7b3b82b72dca', 'A', 'Öğrenenin merkezde olması', false, 0),
  ('4025fdd0-eb20-5f1b-8a0a-7299d7701c3e', 'b04749c4-52f3-59dd-b538-7b3b82b72dca', 'B', 'Bireylerin sahip olduğu yetenekleri geliştirerek en üst düzeye çıkarmayı hedeflemesi', false, 1),
  ('2db2dde5-f131-5ff6-8f57-a1d6b7aa9b76', 'b04749c4-52f3-59dd-b538-7b3b82b72dca', 'C', 'Yapılandırılmıştan yapılandırılmamışa bütün öğrenme biçimlerini kapsaması', false, 2),
  ('c68c1478-695e-58be-ad30-81ff8f6560ac', 'b04749c4-52f3-59dd-b538-7b3b82b72dca', 'D', 'Okulun öğrenme için bir zorunluluk olması', true, 3),
  ('92f43173-cc8f-5738-81a3-2dd14f69f8af', 'b04749c4-52f3-59dd-b538-7b3b82b72dca', 'E', 'Eğitim politikasını kişisel, sosyal, kültürel ve mesleki kazanımlar yanında ülkesine kazanımlar sağlayacak şekilde oluşturması', false, 4)
on conflict (id) do update set option_text=excluded.option_text, is_correct=excluded.is_correct, sort_order=excluded.sort_order;

insert into public.questions (id, exam_id, question_number, question_text) values
  ('a05de0cd-c4b2-5006-b087-3914d86b66c5', '7ebc0a28-f12a-5adc-8c73-64c942930014', 54, 'Aşağıdakilerden hangisi Uluslararası Eğitimi Geliştirme Komisyonu tarafından yaşamboyu öğrenmenin gerekliliğine işaret eden önerilerden biri değildir?')
on conflict (id) do update set question_text=excluded.question_text, question_number=excluded.question_number;
insert into public.question_options (id, question_id, option_label, option_text, is_correct, sort_order) values
  ('9fe7a28a-5817-5609-bfea-6db126156516', 'a05de0cd-c4b2-5006-b087-3914d86b66c5', 'A', 'Eğitimi okul yaşı ve binaları ile sınırlamak yanlıştır.', false, 0),
  ('6683dde4-b867-519b-b789-dd47ba1f6cfe', 'a05de0cd-c4b2-5006-b087-3914d86b66c5', 'B', 'Eğitim, hem okul içinde hem de okul dışında gerçekleşen etkinlikler bütünü olarak düşünülmelidir.', false, 1),
  ('c30c9449-ee55-59ae-ae89-c19e69e6ae5a', 'a05de0cd-c4b2-5006-b087-3914d86b66c5', 'C', 'Eğitsel etkinlikler daha esnek olmalıdır.', false, 2),
  ('b26872f9-28b6-5f66-a92b-69c8582dd1dd', 'a05de0cd-c4b2-5006-b087-3914d86b66c5', 'D', 'Eğitim, yaşam kadar uzun bir varoluşsal süreklilik olarak tasarlanmalıdır.', false, 3),
  ('c48c65d8-0345-5a7c-a0e1-8f1dbcecf4f1', 'a05de0cd-c4b2-5006-b087-3914d86b66c5', 'E', 'Eğitimin etkililiği öğretici rehberliğinde, yapılandırılmış bir yapıda sunulmasını gerektirir.', true, 4)
on conflict (id) do update set option_text=excluded.option_text, is_correct=excluded.is_correct, sort_order=excluded.sort_order;

insert into public.questions (id, exam_id, question_number, question_text) values
  ('b2af889d-f6d5-5476-92c9-53f97699801f', '7ebc0a28-f12a-5adc-8c73-64c942930014', 55, 'Yetişkin eğitiminden söz edebilmek için yetişkin olarak adlandırılan bireylerin sahip olması gereken bazı özellikler vardır. Aşağıdakilerden hangisi bu özelliklerden biri değildir?')
on conflict (id) do update set question_text=excluded.question_text, question_number=excluded.question_number;
insert into public.question_options (id, question_id, option_label, option_text, is_correct, sort_order) values
  ('ad77cf04-d2c8-5daf-9ef8-873ed5e46ab9', 'b2af889d-f6d5-5476-92c9-53f97699801f', 'A', 'Psikolojik desteğe ihtiyaç duyması', true, 0),
  ('32b9f5b3-aa07-55e5-bea5-87c34bab1867', 'b2af889d-f6d5-5476-92c9-53f97699801f', 'B', 'Kendini doğru olarak algılaması', false, 1),
  ('32db6da2-ac18-5819-951d-2f88adf8a7e3', 'b2af889d-f6d5-5476-92c9-53f97699801f', 'C', 'Öğrenme yöneliminin olması', false, 2),
  ('57558bc1-663e-566c-bf49-058adfba96a0', 'b2af889d-f6d5-5476-92c9-53f97699801f', 'D', 'Deneyimlerinin olması', false, 3),
  ('3843db4a-7166-5dad-a092-37ff9e444560', 'b2af889d-f6d5-5476-92c9-53f97699801f', 'E', 'Öğrenmeye hazır olması', false, 4)
on conflict (id) do update set option_text=excluded.option_text, is_correct=excluded.is_correct, sort_order=excluded.sort_order;

insert into public.questions (id, exam_id, question_number, question_text) values
  ('aab7f15a-278a-5fef-b477-e96f1f02a67c', '7ebc0a28-f12a-5adc-8c73-64c942930014', 56, 'KAÇD uygulamalarında, bilgiyi talep eden bireyler ve bilgi kaynakları arasında sınırların ortadan kalktığı öğrenme yapısını ifade eden kavram aşağıdakilerden hangisidir?')
on conflict (id) do update set question_text=excluded.question_text, question_number=excluded.question_number;
insert into public.question_options (id, question_id, option_label, option_text, is_correct, sort_order) values
  ('daca9089-38c6-510a-8474-db959e577365', 'aab7f15a-278a-5fef-b477-e96f1f02a67c', 'A', 'Çevrimiçi', false, 0),
  ('dccbb6a8-b844-5e6b-aedb-16e083d747f7', 'aab7f15a-278a-5fef-b477-e96f1f02a67c', 'B', 'Kitlesellik', false, 1),
  ('410b2bef-a668-5722-96a3-96069e499b34', 'aab7f15a-278a-5fef-b477-e96f1f02a67c', 'C', 'Açıklık', true, 2),
  ('97553472-521e-5062-8881-da65916bf815', 'aab7f15a-278a-5fef-b477-e96f1f02a67c', 'D', 'Ders', false, 3),
  ('3066d6b7-5e65-5284-9aeb-d0f7812056b6', 'aab7f15a-278a-5fef-b477-e96f1f02a67c', 'E', 'Geleneksellik', false, 4)
on conflict (id) do update set option_text=excluded.option_text, is_correct=excluded.is_correct, sort_order=excluded.sort_order;

insert into public.questions (id, exam_id, question_number, question_text) values
  ('f78b2068-df1d-5e9c-abe6-b62e03001339', '7ebc0a28-f12a-5adc-8c73-64c942930014', 57, 'Aşağıdakilerden hangisi KAÇD uygulamalarının amaçlarından biri değildir?')
on conflict (id) do update set question_text=excluded.question_text, question_number=excluded.question_number;
insert into public.question_options (id, question_id, option_label, option_text, is_correct, sort_order) values
  ('17739180-2ddd-54c7-baf0-8a2d88eb6e93', 'f78b2068-df1d-5e9c-abe6-b62e03001339', 'A', 'Daha fazla kişiye ulaşmak ve kullanımını yaygınlaştırmak', false, 0),
  ('4251c66a-ee7b-53ef-a427-fd0fea8338d5', 'f78b2068-df1d-5e9c-abe6-b62e03001339', 'B', 'Marka oluşturup devamlılığı sağlamak', false, 1),
  ('55de25a9-7df6-5b51-82ca-11bd5df1186f', 'f78b2068-df1d-5e9c-abe6-b62e03001339', 'C', 'Eğitim çıktılarını artırmak', false, 2),
  ('14170967-3721-513b-9953-2ccd0cc144e0', 'f78b2068-df1d-5e9c-abe6-b62e03001339', 'D', 'Eğitim ve öğretime yenilik getirmek', false, 3),
  ('5b4a5bcb-fd92-539a-9050-d8c6e2b49d0b', 'f78b2068-df1d-5e9c-abe6-b62e03001339', 'E', 'Geleneksel eğitimi ortadan kaldırmak', true, 4)
on conflict (id) do update set option_text=excluded.option_text, is_correct=excluded.is_correct, sort_order=excluded.sort_order;

insert into public.questions (id, exam_id, question_number, question_text) values
  ('8c789449-65ad-52c1-90f0-8ceb310de039', '7ebc0a28-f12a-5adc-8c73-64c942930014', 58, 'Aşağıdakilerden hangisi kitlesel çevrimiçi dersleri geleneksel sistemdeki derslerden ayıran özelliklerden biri değildir?')
on conflict (id) do update set question_text=excluded.question_text, question_number=excluded.question_number;
insert into public.question_options (id, question_id, option_label, option_text, is_correct, sort_order) values
  ('0a1ef043-f936-5db7-b4c8-c2e8a01fd29f', '8c789449-65ad-52c1-90f0-8ceb310de039', 'A', 'Davranışçı öğrenmeye dayalı uygulamalar', true, 0),
  ('51a745d8-2aff-5537-aede-ea04cd6c420a', '8c789449-65ad-52c1-90f0-8ceb310de039', 'B', 'Akran ve kendi kendini değerlendirme uygulamaları', false, 1),
  ('98d40523-877a-5cb3-8c2c-ca8d64e010c6', '8c789449-65ad-52c1-90f0-8ceb310de039', 'C', 'Çevrimiçi forumlar ve tartışma grupları', false, 2),
  ('b48df117-810a-58f3-bd76-7d89ebb5e565', '8c789449-65ad-52c1-90f0-8ceb310de039', 'D', 'Tam öğrenmeye dayalı uygulamalar', false, 3),
  ('e5e6d4ed-7c9f-5f93-b606-6db0b7a59931', '8c789449-65ad-52c1-90f0-8ceb310de039', 'E', 'Çevrimiçi öğrenme etkinlikleri', false, 4)
on conflict (id) do update set option_text=excluded.option_text, is_correct=excluded.is_correct, sort_order=excluded.sort_order;

insert into public.questions (id, exam_id, question_number, question_text) values
  ('0d554746-ff08-572b-918e-e8b932c2dffc', '7ebc0a28-f12a-5adc-8c73-64c942930014', 59, 'George Siemens ve Stephen Downes''ın KAÇD uygulaması aşağıdaki kuramlardan hangisi üzerine kurulmuştur?')
on conflict (id) do update set question_text=excluded.question_text, question_number=excluded.question_number;
insert into public.question_options (id, question_id, option_label, option_text, is_correct, sort_order) values
  ('63aac522-4fdb-5c64-baf4-03e5209bc37f', '0d554746-ff08-572b-918e-e8b932c2dffc', 'A', 'Bilişsel', false, 0),
  ('c2031bfa-67c3-553e-b271-87724343a494', '0d554746-ff08-572b-918e-e8b932c2dffc', 'B', 'Duyuşsal', false, 1),
  ('7ee75daa-9e89-56f9-9bf9-afea25abebfb', '0d554746-ff08-572b-918e-e8b932c2dffc', 'C', 'Davranışçı', false, 2),
  ('a0abc129-2dc7-5b16-8aa9-998da85927d1', '0d554746-ff08-572b-918e-e8b932c2dffc', 'D', 'Bağlantıcı', true, 3),
  ('589fa46a-7d94-58a2-8dee-99576671bd9b', '0d554746-ff08-572b-918e-e8b932c2dffc', 'E', 'Yapıcı', false, 4)
on conflict (id) do update set option_text=excluded.option_text, is_correct=excluded.is_correct, sort_order=excluded.sort_order;

insert into public.questions (id, exam_id, question_number, question_text) values
  ('5141c501-3f96-5d14-9520-2b1258870d31', '7ebc0a28-f12a-5adc-8c73-64c942930014', 60, 'Aşağıdakilerden hangisi 21. yy. yaşamboyu öğrenme çerçevesinde yer alan temel stratejilerden biri değildir?')
on conflict (id) do update set question_text=excluded.question_text, question_number=excluded.question_number;
insert into public.question_options (id, question_id, option_label, option_text, is_correct, sort_order) values
  ('4364e38c-1312-543d-b869-239b76d57ff7', '5141c501-3f96-5d14-9520-2b1258870d31', 'A', 'Herkes için temel beceriler', false, 0),
  ('f16f6876-93bb-592d-9ccf-d14f974b3246', '5141c501-3f96-5d14-9520-2b1258870d31', 'B', 'İnsan kaynaklarına daha fazla yatırım', false, 1),
  ('271bfc85-b981-586a-b038-731ee67cd31d', '5141c501-3f96-5d14-9520-2b1258870d31', 'C', 'Eğitimin öğrenenlere yakınlaştırılması', false, 2),
  ('07f8a533-4244-5d1b-a9cc-31953845f933', '5141c501-3f96-5d14-9520-2b1258870d31', 'D', 'Eğitime geleneksel yöntemlerle devam edilmesi', true, 3),
  ('920f14b5-37e3-537f-ba42-524fe0822114', '5141c501-3f96-5d14-9520-2b1258870d31', 'E', 'Her türlü eğitime değer verilmesi', false, 4)
on conflict (id) do update set option_text=excluded.option_text, is_correct=excluded.is_correct, sort_order=excluded.sort_order;

insert into public.questions (id, exam_id, question_number, question_text) values
  ('daf7be3f-f3fe-57a2-87b5-ce9621a7eec9', '7ebc0a28-f12a-5adc-8c73-64c942930014', 61, 'Aşağıdakilerden hangisi kullanıcıların daha basit donanıma sahip bilgisayarlarla çalışmasının avantajlarından birisi değildir?')
on conflict (id) do update set question_text=excluded.question_text, question_number=excluded.question_number;
insert into public.question_options (id, question_id, option_label, option_text, is_correct, sort_order) values
  ('42a0eaf4-3e7f-5113-85bd-c700a5204fd5', 'daf7be3f-f3fe-57a2-87b5-ce9621a7eec9', 'A', 'Gürültü', false, 0),
  ('8f84f9ac-e75c-5e5c-871c-9215dc481b39', 'daf7be3f-f3fe-57a2-87b5-ce9621a7eec9', 'B', 'Bakım ve onarım maliyeti', false, 1),
  ('df296bb8-1e78-552d-a6fa-7058b49bbeb6', 'daf7be3f-f3fe-57a2-87b5-ce9621a7eec9', 'C', 'Enerji tüketimi', false, 2),
  ('9a911740-0945-5553-b410-b5a6798f826f', 'daf7be3f-f3fe-57a2-87b5-ce9621a7eec9', 'D', 'Donanım maliyeti', false, 3),
  ('95254c25-1a57-56ed-bf8c-336100374113', 'daf7be3f-f3fe-57a2-87b5-ce9621a7eec9', 'E', 'İnternet bağlantısı', true, 4)
on conflict (id) do update set option_text=excluded.option_text, is_correct=excluded.is_correct, sort_order=excluded.sort_order;

insert into public.questions (id, exam_id, question_number, question_text) values
  ('b197809a-0d77-5469-844a-637d0a0de65e', '7ebc0a28-f12a-5adc-8c73-64c942930014', 62, 'Bir bilgi sisteminin %99,995 kullanılabilirlik oranını sağlaması için bir yılda en fazla toplam kaç dakika çalışmaması kabul edilebilir?')
on conflict (id) do update set question_text=excluded.question_text, question_number=excluded.question_number;
insert into public.question_options (id, question_id, option_label, option_text, is_correct, sort_order) values
  ('b2613fd4-9eee-53bf-96ea-a506da875733', 'b197809a-0d77-5469-844a-637d0a0de65e', 'A', '5', false, 0),
  ('809669b3-be57-58a5-aaf5-4986bc3c7e3d', 'b197809a-0d77-5469-844a-637d0a0de65e', 'B', '26', true, 1),
  ('1fe3f3ac-0399-50a4-8a93-d13c32d1b436', 'b197809a-0d77-5469-844a-637d0a0de65e', 'C', '99', false, 2),
  ('9b12c66a-d572-5207-8971-bb1eb2021d1a', 'b197809a-0d77-5469-844a-637d0a0de65e', 'D', '365', false, 3),
  ('78560028-6828-5a1c-b6c2-9019ce8c7ea9', 'b197809a-0d77-5469-844a-637d0a0de65e', 'E', '1729', false, 4)
on conflict (id) do update set option_text=excluded.option_text, is_correct=excluded.is_correct, sort_order=excluded.sort_order;

insert into public.questions (id, exam_id, question_number, question_text) values
  ('cbf8a262-97cb-58e4-a84e-d1ade2299c96', '7ebc0a28-f12a-5adc-8c73-64c942930014', 63, 'Aşağıdakilerden hangisi dağıtık bilişim sistemlerinin üstünlüklerinden biri değildir?')
on conflict (id) do update set question_text=excluded.question_text, question_number=excluded.question_number;
insert into public.question_options (id, question_id, option_label, option_text, is_correct, sort_order) values
  ('bb2f71a8-dace-5aee-a349-a342f7b7a265', 'cbf8a262-97cb-58e4-a84e-d1ade2299c96', 'A', 'Hızlı çalışmaları', false, 0),
  ('c79d6a28-fb6a-52f9-9248-3043c44676bb', 'cbf8a262-97cb-58e4-a84e-d1ade2299c96', 'B', 'Verimli olmaları', false, 1),
  ('6d794bf9-b6d8-5e09-b4dc-2578f2285db4', 'cbf8a262-97cb-58e4-a84e-d1ade2299c96', 'C', 'Diğer sistemlerle işbirliği', false, 2),
  ('fe6f4c60-46ac-503c-8911-14cb08193199', 'cbf8a262-97cb-58e4-a84e-d1ade2299c96', 'D', 'Hatasız çalışmaları', true, 3),
  ('a42b728c-fe9d-5452-befe-08f9afc9bcf3', 'cbf8a262-97cb-58e4-a84e-d1ade2299c96', 'E', 'Ölçeklenebilir olmaları', false, 4)
on conflict (id) do update set option_text=excluded.option_text, is_correct=excluded.is_correct, sort_order=excluded.sort_order;

insert into public.questions (id, exam_id, question_number, question_text) values
  ('6278d98b-1327-5a1e-8841-12c91285d2fa', '7ebc0a28-f12a-5adc-8c73-64c942930014', 64, 'Hizmet odaklı mimari (SOA) aşağıdaki hangi bulut bilişim mimarisi ile ilgilidir?')
on conflict (id) do update set question_text=excluded.question_text, question_number=excluded.question_number;
insert into public.question_options (id, question_id, option_label, option_text, is_correct, sort_order) values
  ('09d7e6dd-0cc8-59d7-a5d6-0bb9bd93c835', '6278d98b-1327-5a1e-8841-12c91285d2fa', 'A', 'İnternet teknolojisi', true, 0),
  ('32ebb7f5-7efe-5927-af77-4d847d7fbbb9', '6278d98b-1327-5a1e-8841-12c91285d2fa', 'B', 'Dağıtık sistem', false, 1),
  ('651c2645-7f80-5b80-828c-ed767b53f4d4', '6278d98b-1327-5a1e-8841-12c91285d2fa', 'C', 'Donanım', false, 2),
  ('dd611532-d15a-5ac1-973e-9a33e146815f', '6278d98b-1327-5a1e-8841-12c91285d2fa', 'D', 'Veri merkezi', false, 3),
  ('e4c13693-f645-5440-ab76-ba2d27de7289', '6278d98b-1327-5a1e-8841-12c91285d2fa', 'E', 'Sistem yönetimi', false, 4)
on conflict (id) do update set option_text=excluded.option_text, is_correct=excluded.is_correct, sort_order=excluded.sort_order;

insert into public.questions (id, exam_id, question_number, question_text) values
  ('7e326861-04e4-5955-af6e-320f5a9b3ad3', '7ebc0a28-f12a-5adc-8c73-64c942930014', 65, 'Hipervizör kavramı aşağıdakiler hangisi ile ilişkilidir?')
on conflict (id) do update set question_text=excluded.question_text, question_number=excluded.question_number;
insert into public.question_options (id, question_id, option_label, option_text, is_correct, sort_order) values
  ('3411b5de-5a9d-576d-8040-59b70d24a509', '7e326861-04e4-5955-af6e-320f5a9b3ad3', 'A', 'İzleme sistemi', false, 0),
  ('9babe5a7-a0f5-5dd4-9663-60ef7b1955f3', '7e326861-04e4-5955-af6e-320f5a9b3ad3', 'B', 'Sanallaştırma yazılımı', true, 1),
  ('dd3e0412-9669-5ff8-9d03-b964f0f8e76a', '7e326861-04e4-5955-af6e-320f5a9b3ad3', 'C', 'Veritabanı türü', false, 2),
  ('240f86aa-de49-54ba-b6f0-90987eb7cfe5', '7e326861-04e4-5955-af6e-320f5a9b3ad3', 'D', 'Hizmet sunum modeli', false, 3),
  ('6df1b54d-7b29-59d0-ba7d-fe04c169bb9e', '7e326861-04e4-5955-af6e-320f5a9b3ad3', 'E', 'Bulut türü', false, 4)
on conflict (id) do update set option_text=excluded.option_text, is_correct=excluded.is_correct, sort_order=excluded.sort_order;

insert into public.questions (id, exam_id, question_number, question_text) values
  ('44e4381a-4923-5927-aa6f-567f26013580', '7ebc0a28-f12a-5adc-8c73-64c942930014', 66, 'Kullanıcının sanal bir işletim sistemini kullanmak üzere yetkilendirildiği bulut bilişim hizmet modelinin kısaltması aşağıdakilerden hangisinde doğru verilmiştir?')
on conflict (id) do update set question_text=excluded.question_text, question_number=excluded.question_number;
insert into public.question_options (id, question_id, option_label, option_text, is_correct, sort_order) values
  ('3190b881-792b-5948-a915-33891c20624c', '44e4381a-4923-5927-aa6f-567f26013580', 'A', 'PaaS', false, 0),
  ('72613f18-ba35-5f26-9792-960fc355026f', '44e4381a-4923-5927-aa6f-567f26013580', 'B', 'SaaS', false, 1),
  ('fc4fc1e5-7ada-5e07-a6c7-f8bf3d3e8000', '44e4381a-4923-5927-aa6f-567f26013580', 'C', 'SECaaS', false, 2),
  ('03a3106f-9f30-512f-9567-484a4be9a123', '44e4381a-4923-5927-aa6f-567f26013580', 'D', 'TaaS', false, 3),
  ('8f95dc64-af7a-5612-92af-b1e316930925', '44e4381a-4923-5927-aa6f-567f26013580', 'E', 'IaaS', true, 4)
on conflict (id) do update set option_text=excluded.option_text, is_correct=excluded.is_correct, sort_order=excluded.sort_order;

insert into public.questions (id, exam_id, question_number, question_text) values
  ('b7f55aea-6068-58da-99a1-fe70ebd548a8', '7ebc0a28-f12a-5adc-8c73-64c942930014', 67, 'Aşağıdakilerden hangisi bulut bilişimin yayılma türlerinden birisi değildir?')
on conflict (id) do update set question_text=excluded.question_text, question_number=excluded.question_number;
insert into public.question_options (id, question_id, option_label, option_text, is_correct, sort_order) values
  ('d0b6f644-fdb3-567e-b4d2-bb94d30722ac', 'b7f55aea-6068-58da-99a1-fe70ebd548a8', 'A', 'Özel bulut', false, 0),
  ('f5968578-8a7b-595d-8e6d-f97a85a026db', 'b7f55aea-6068-58da-99a1-fe70ebd548a8', 'B', 'Melez bulut', false, 1),
  ('a93dd38a-081c-5560-ad04-c3dcecde9a59', 'b7f55aea-6068-58da-99a1-fe70ebd548a8', 'C', 'İş bulutu', true, 2),
  ('16bb414f-70a0-57c0-9366-0e1a6a8b4edf', 'b7f55aea-6068-58da-99a1-fe70ebd548a8', 'D', 'Kamu bulutu', false, 3),
  ('0cfe380a-7ee5-575d-bbe6-335d97d1e5a0', 'b7f55aea-6068-58da-99a1-fe70ebd548a8', 'E', 'Topluluk bulutu', false, 4)
on conflict (id) do update set option_text=excluded.option_text, is_correct=excluded.is_correct, sort_order=excluded.sort_order;

insert into public.questions (id, exam_id, question_number, question_text) values
  ('d06a80f6-cecd-50f0-b51a-ad9ff9a716f8', '7ebc0a28-f12a-5adc-8c73-64c942930014', 68, 'Aşağıdakilerden hangisi bulut bilişimin üstünlüklerinden biri değildir?')
on conflict (id) do update set question_text=excluded.question_text, question_number=excluded.question_number;
insert into public.question_options (id, question_id, option_label, option_text, is_correct, sort_order) values
  ('129826d7-53c9-56e3-9b32-59c01c677423', 'd06a80f6-cecd-50f0-b51a-ad9ff9a716f8', 'A', 'Birlikte çalışma', false, 0),
  ('89a0fa71-4cbe-5348-97d3-05938061fa81', 'd06a80f6-cecd-50f0-b51a-ad9ff9a716f8', 'B', 'Ölçeklenebilirlik', false, 1),
  ('b55ddd43-359a-5a9d-99bf-eee1c9c01b9d', 'd06a80f6-cecd-50f0-b51a-ad9ff9a716f8', 'C', 'Çevre birimlerin etkin kullanılması', true, 2),
  ('fb9caff8-7b2f-5299-9a75-8066ddfa4ffb', 'd06a80f6-cecd-50f0-b51a-ad9ff9a716f8', 'D', 'İş uygulamalarında esneklik', false, 3),
  ('04683824-921b-5a99-b567-094fd4e38b36', 'd06a80f6-cecd-50f0-b51a-ad9ff9a716f8', 'E', 'Devamlılık', false, 4)
on conflict (id) do update set option_text=excluded.option_text, is_correct=excluded.is_correct, sort_order=excluded.sort_order;

insert into public.questions (id, exam_id, question_number, question_text) values
  ('b0630d92-a834-5293-b1a2-7edcd854d8d4', '7ebc0a28-f12a-5adc-8c73-64c942930014', 69, 'Aşağıdakilerden hangisi bir bulut depolama hizmeti değildir?')
on conflict (id) do update set question_text=excluded.question_text, question_number=excluded.question_number;
insert into public.question_options (id, question_id, option_label, option_text, is_correct, sort_order) values
  ('1ebf5b69-e1b5-5d0c-aa31-3cf597c8f5cf', 'b0630d92-a834-5293-b1a2-7edcd854d8d4', 'A', 'Hangouts', true, 0),
  ('aba99a35-36c1-5763-893f-c46c9b16bde8', 'b0630d92-a834-5293-b1a2-7edcd854d8d4', 'B', 'Dropbox', false, 1),
  ('e5c8eac2-fbd6-5433-9e49-c1387362b8dc', 'b0630d92-a834-5293-b1a2-7edcd854d8d4', 'C', 'OneDrive', false, 2),
  ('63258b0f-233a-51dc-bd1d-431252c10d18', 'b0630d92-a834-5293-b1a2-7edcd854d8d4', 'D', 'Yandex.Disk', false, 3),
  ('584b0fc7-e290-5dfc-8268-99e7ec1134a9', 'b0630d92-a834-5293-b1a2-7edcd854d8d4', 'E', 'iCloud', false, 4)
on conflict (id) do update set option_text=excluded.option_text, is_correct=excluded.is_correct, sort_order=excluded.sort_order;

insert into public.questions (id, exam_id, question_number, question_text) values
  ('5533ea85-300d-525b-accc-0098404b68be', '7ebc0a28-f12a-5adc-8c73-64c942930014', 70, 'Aşağıdaki hizmetlerden hangisi bireylerin duygu ve düşüncelerini internet ortamında yayınladıkları bir hizmettir?')
on conflict (id) do update set question_text=excluded.question_text, question_number=excluded.question_number;
insert into public.question_options (id, question_id, option_label, option_text, is_correct, sort_order) values
  ('b8278118-7a54-5335-abf4-5521b8d22eca', '5533ea85-300d-525b-accc-0098404b68be', 'A', 'E-Belgeler', false, 0),
  ('28e3b389-76ea-5f5d-bfdd-5ba9642eed24', '5533ea85-300d-525b-accc-0098404b68be', 'B', 'Web Sayfası', false, 1),
  ('5e04e8e7-7b0f-5878-8cb4-dc0692989c17', '5533ea85-300d-525b-accc-0098404b68be', 'C', 'Sunu', false, 2),
  ('ab4f4827-aacd-5703-8255-af395fc725bf', '5533ea85-300d-525b-accc-0098404b68be', 'D', 'Blog', true, 3),
  ('b04d87e6-6a67-5274-b309-ed22fffae1af', '5533ea85-300d-525b-accc-0098404b68be', 'E', 'Drive', false, 4)
on conflict (id) do update set option_text=excluded.option_text, is_correct=excluded.is_correct, sort_order=excluded.sort_order;

insert into public.questions (id, exam_id, question_number, question_text) values
  ('09a24622-396a-5f1d-bcf9-636d29b5b421', '7ebc0a28-f12a-5adc-8c73-64c942930014', 71, 'Aşağıdakilerden hangisi teknolojik gelişmenin aşamalarından biri değildir?')
on conflict (id) do update set question_text=excluded.question_text, question_number=excluded.question_number;
insert into public.question_options (id, question_id, option_label, option_text, is_correct, sort_order) values
  ('ef36ed16-e206-5d8e-aab6-2ccea98d6d05', '09a24622-396a-5f1d-bcf9-636d29b5b421', 'A', 'Keşif', false, 0),
  ('2b130094-2722-5ef7-b039-65ed5e7b9731', '09a24622-396a-5f1d-bcf9-636d29b5b421', 'B', 'Buluş', false, 1),
  ('b6323692-920b-5fcc-9ef1-2a19c2c94a50', '09a24622-396a-5f1d-bcf9-636d29b5b421', 'C', 'Yenilik', false, 2),
  ('63f0259b-ac50-5766-a93a-e7d5a79569d5', '09a24622-396a-5f1d-bcf9-636d29b5b421', 'D', 'Yayılma', false, 3),
  ('e5daf918-77f9-586b-973d-fb4c1573fb08', '09a24622-396a-5f1d-bcf9-636d29b5b421', 'E', 'Pazarlama', true, 4)
on conflict (id) do update set option_text=excluded.option_text, is_correct=excluded.is_correct, sort_order=excluded.sort_order;

insert into public.questions (id, exam_id, question_number, question_text) values
  ('c9f4124e-c8ef-5ff7-84f4-40f8ef7a5feb', '7ebc0a28-f12a-5adc-8c73-64c942930014', 72, 'Aşağıdakilerden hangisi bir mikroişlemciye sığdırılabilen transistör sayısının iki katına çıkması için geçen süredir?')
on conflict (id) do update set question_text=excluded.question_text, question_number=excluded.question_number;
insert into public.question_options (id, question_id, option_label, option_text, is_correct, sort_order) values
  ('5d744326-dd60-5da3-a24c-0de3c04a2e8e', 'c9f4124e-c8ef-5ff7-84f4-40f8ef7a5feb', 'A', 'Yaklaşık 2 ay', false, 0),
  ('0f9eb5f7-cc93-5213-bfdd-4c69b1e61538', 'c9f4124e-c8ef-5ff7-84f4-40f8ef7a5feb', 'B', 'Yaklaşık 12 ay', false, 1),
  ('dc7a72db-2a4c-5085-afdd-80a97eaaf965', 'c9f4124e-c8ef-5ff7-84f4-40f8ef7a5feb', 'C', 'Yaklaşık 2 yıl', true, 2),
  ('96f7ee36-9148-58b1-9434-4a42b89b54fb', 'c9f4124e-c8ef-5ff7-84f4-40f8ef7a5feb', 'D', 'Yaklaşık 12 yıl', false, 3),
  ('dbce9634-d440-5224-bcbf-763303d2f878', 'c9f4124e-c8ef-5ff7-84f4-40f8ef7a5feb', 'E', 'Yaklaşık 24 yıl', false, 4)
on conflict (id) do update set option_text=excluded.option_text, is_correct=excluded.is_correct, sort_order=excluded.sort_order;

insert into public.questions (id, exam_id, question_number, question_text) values
  ('a0e73071-80e7-5cf2-bdcb-0304ef48524c', '7ebc0a28-f12a-5adc-8c73-64c942930014', 73, 'Aşağıdakilerden hangisi verilen bir tarihte toplumda aynı anda kullanılabilen teknolojilerden biri değildir?')
on conflict (id) do update set question_text=excluded.question_text, question_number=excluded.question_number;
insert into public.question_options (id, question_id, option_label, option_text, is_correct, sort_order) values
  ('8d71df28-0795-556f-bde5-bb358eecf821', 'a0e73071-80e7-5cf2-bdcb-0304ef48524c', 'A', 'Geleneksel teknolojiler', false, 0),
  ('aa187204-74a7-547d-ab2f-d350ea6de0e5', 'a0e73071-80e7-5cf2-bdcb-0304ef48524c', 'B', 'Güncel teknolojiler', false, 1),
  ('3b04cebc-7782-59f8-bdbe-f55e77b35380', 'a0e73071-80e7-5cf2-bdcb-0304ef48524c', 'C', 'Sınırdaki teknolojiler', false, 2),
  ('5479ef50-ab81-5f1f-a376-4fb3c1ebf8ab', 'a0e73071-80e7-5cf2-bdcb-0304ef48524c', 'D', 'Yakın gelecekteki teknolojiler', false, 3),
  ('fc37fe6b-e212-533d-99fd-36841d500db7', 'a0e73071-80e7-5cf2-bdcb-0304ef48524c', 'E', 'Uzak gelecekteki teknolojiler', true, 4)
on conflict (id) do update set option_text=excluded.option_text, is_correct=excluded.is_correct, sort_order=excluded.sort_order;

insert into public.questions (id, exam_id, question_number, question_text) values
  ('084e3b7e-5185-5d48-a149-c21606f0969d', '7ebc0a28-f12a-5adc-8c73-64c942930014', 74, 'Aşağıdakilerden hangisi 2015 yılında ülkemizde yayılmasını tamamlamış geleneksel teknolojilerden biri değildir?')
on conflict (id) do update set question_text=excluded.question_text, question_number=excluded.question_number;
insert into public.question_options (id, question_id, option_label, option_text, is_correct, sort_order) values
  ('96c3200f-3da7-58a1-a733-39e7b9c6fa1e', '084e3b7e-5185-5d48-a149-c21606f0969d', 'A', 'Radyo', false, 0),
  ('c3f486dd-21da-53fd-a13f-48126fce80c9', '084e3b7e-5185-5d48-a149-c21606f0969d', 'B', '3G', true, 1),
  ('3181eee9-c6c0-57b1-a25b-06f236d25dcd', '084e3b7e-5185-5d48-a149-c21606f0969d', 'C', 'Müzik setleri', false, 2),
  ('1dd72935-a6e2-5158-adf8-c8cc0675200c', '084e3b7e-5185-5d48-a149-c21606f0969d', 'D', 'Kablolu internet', false, 3),
  ('f2ae703f-6acb-58c9-8a6f-deb89335e1e5', '084e3b7e-5185-5d48-a149-c21606f0969d', 'E', 'İnternet erişimi olmayan hücresel telefonlar', false, 4)
on conflict (id) do update set option_text=excluded.option_text, is_correct=excluded.is_correct, sort_order=excluded.sort_order;

insert into public.questions (id, exam_id, question_number, question_text) values
  ('6fbd1db1-26df-5193-81cf-5951f2a917d6', '7ebc0a28-f12a-5adc-8c73-64c942930014', 75, 'Aşağıdakilerden hangisi sınırdaki bir teknolojidir?')
on conflict (id) do update set question_text=excluded.question_text, question_number=excluded.question_number;
insert into public.question_options (id, question_id, option_label, option_text, is_correct, sort_order) values
  ('5911e1fa-d88e-5ebd-8d71-aef99ce5e5ff', '6fbd1db1-26df-5193-81cf-5951f2a917d6', 'A', 'Bilgisayarla görü', false, 0),
  ('6b5927fd-2143-565a-830d-bc9a892d88ce', '6fbd1db1-26df-5193-81cf-5951f2a917d6', 'B', 'Ses tanıma', false, 1),
  ('86113731-8269-598d-b399-72e283449d1b', '6fbd1db1-26df-5193-81cf-5951f2a917d6', 'C', 'Anlamsal (semantik) ağ', false, 2),
  ('8a4dc3ef-0750-5a7b-8bd1-e9e7f48723ff', '6fbd1db1-26df-5193-81cf-5951f2a917d6', 'D', 'Bilgisayarla oluşturulan görüntü (CGI)', false, 3),
  ('f390e493-8ff7-5d5f-bffd-6997a6022c33', '6fbd1db1-26df-5193-81cf-5951f2a917d6', 'E', 'Holografik görüntüleme', true, 4)
on conflict (id) do update set option_text=excluded.option_text, is_correct=excluded.is_correct, sort_order=excluded.sort_order;

insert into public.questions (id, exam_id, question_number, question_text) values
  ('2df198a4-4f03-5da4-bc36-166e6413c327', '7ebc0a28-f12a-5adc-8c73-64c942930014', 76, 'Aşağıdakilerden hangisi güncel bir teknolojidir?')
on conflict (id) do update set question_text=excluded.question_text, question_number=excluded.question_number;
insert into public.question_options (id, question_id, option_label, option_text, is_correct, sort_order) values
  ('f8710b26-f3f2-5327-804f-133f8101d121', '2df198a4-4f03-5da4-bc36-166e6413c327', 'A', 'Sanal gerçeklik', true, 0),
  ('6e5505c1-4604-578d-9eca-0e542f2f8f8c', '2df198a4-4f03-5da4-bc36-166e6413c327', 'B', 'Akıllı kişisel yardımcılar', false, 1),
  ('70119ae8-3702-5285-a885-84f71df50e13', '2df198a4-4f03-5da4-bc36-166e6413c327', 'C', 'Bağlam farkındalıklı bilgi işlem', false, 2),
  ('e90101f3-ae33-5c35-8e5d-faaf4b51c53f', '2df198a4-4f03-5da4-bc36-166e6413c327', 'D', 'Giyilebilir bilgisayarlar', false, 3),
  ('f75cb104-48b7-5903-bfb7-6ae2a71f5d00', '2df198a4-4f03-5da4-bc36-166e6413c327', 'E', 'Beyin implantları', false, 4)
on conflict (id) do update set option_text=excluded.option_text, is_correct=excluded.is_correct, sort_order=excluded.sort_order;

insert into public.questions (id, exam_id, question_number, question_text) values
  ('adc170ee-03de-5d90-a5aa-8e52180a1be6', '7ebc0a28-f12a-5adc-8c73-64c942930014', 77, '"Kullanıcı tarafından vücudunun çevresine giyilebilen, hidrolik ve motorlar yardımıyla kullanıcının kas hareketlerini destekleyen mobil makine" aşağıdakilerden hangisidir?')
on conflict (id) do update set question_text=excluded.question_text, question_number=excluded.question_number;
insert into public.question_options (id, question_id, option_label, option_text, is_correct, sort_order) values
  ('a5d3737c-339d-588a-af67-202b8f43a81a', 'adc170ee-03de-5d90-a5aa-8e52180a1be6', 'A', 'Android', false, 0),
  ('14b6a185-159a-51a9-b44e-8068572e74ed', 'adc170ee-03de-5d90-a5aa-8e52180a1be6', 'B', 'Güçlendirilmiş dış iskelet', true, 1),
  ('ee761129-dd01-5d2c-9667-d89ea6819d4a', 'adc170ee-03de-5d90-a5aa-8e52180a1be6', 'C', 'Giyilebilir bilgisayar', false, 2),
  ('c473bbc1-8b4a-5209-82b9-46e743d671fa', 'adc170ee-03de-5d90-a5aa-8e52180a1be6', 'D', 'e-Tekstil', false, 3),
  ('4bdeb5db-10a1-57a9-99d9-6d3a9d9682ab', 'adc170ee-03de-5d90-a5aa-8e52180a1be6', 'E', 'Taşıt iletişim sistemi', false, 4)
on conflict (id) do update set option_text=excluded.option_text, is_correct=excluded.is_correct, sort_order=excluded.sort_order;

insert into public.questions (id, exam_id, question_number, question_text) values
  ('1fd7d8b2-98ba-55bb-a542-2074252f6b16', '7ebc0a28-f12a-5adc-8c73-64c942930014', 78, 'Beyin-bilgisayar arayüzü için aşağıdaki tanımlardan hangisi en uygundur?')
on conflict (id) do update set question_text=excluded.question_text, question_number=excluded.question_number;
insert into public.question_options (id, question_id, option_label, option_text, is_correct, sort_order) values
  ('b968cba9-a18b-5701-b8ef-0b19cb00ed5e', '1fd7d8b2-98ba-55bb-a542-2074252f6b16', 'A', 'Beyin ile dışsal bir cihaz arasında doğrudan iletişim oluşturma yoludur.', true, 0),
  ('77a87b57-6ac7-5d97-8882-def490729fcc', '1fd7d8b2-98ba-55bb-a542-2074252f6b16', 'B', 'İnsanların herkes tarafından algılanan gerçeklikten ayırt edemeyecekleri bir sanal ortama daldırılmalarıdır.', false, 1),
  ('e674a4ba-313b-52ed-b175-eb47842547d5', '1fd7d8b2-98ba-55bb-a542-2074252f6b16', 'C', 'Bireyin zihinsel içeriğinin beyinden okunarak bir bilgisayara yüklenmesini tanımlayan kuramsal bir süreçtir.', false, 2),
  ('9a64d729-f8d2-57d2-889b-642b69d42c1f', '1fd7d8b2-98ba-55bb-a542-2074252f6b16', 'D', 'Beynin yüksek düzey bilişsel süreçlerini destekleyecek kuramsal bir yapay dış enformasyon işleme sistemidir.', false, 3),
  ('7efab53a-a214-57cc-8014-450bbe86d651', '1fd7d8b2-98ba-55bb-a542-2074252f6b16', 'E', 'Hayvan ya da insan beyni ile benzer bilişsel özelliklere sahip yazılım ve donanımların geliştirilmesini amaçlayan araştırma alanıdır.', false, 4)
on conflict (id) do update set option_text=excluded.option_text, is_correct=excluded.is_correct, sort_order=excluded.sort_order;

insert into public.questions (id, exam_id, question_number, question_text) values
  ('bb9eae72-644a-502c-a194-a8bf8770736e', '7ebc0a28-f12a-5adc-8c73-64c942930014', 79, '"Beynin yüksek düzey bilişsel süreçlerini destekleyecek (artıracak) kuramsal bir yapay dış enformasyon işleme sistemi" aşağıdakilerden hangisidir?')
on conflict (id) do update set question_text=excluded.question_text, question_number=excluded.question_number;
insert into public.question_options (id, question_id, option_label, option_text, is_correct, sort_order) values
  ('a974269a-23e9-5b01-9dd7-809cd1da2a63', 'bb9eae72-644a-502c-a194-a8bf8770736e', 'A', 'Exocortex', true, 0),
  ('e9281c6e-4f9e-5709-af83-c1aa22e299ca', 'bb9eae72-644a-502c-a194-a8bf8770736e', 'B', 'Sanal retinal görüntüleme', false, 1),
  ('dee7ce72-6314-544f-bdb5-295c71109515', 'bb9eae72-644a-502c-a194-a8bf8770736e', 'C', 'Biyometri', false, 2),
  ('126708de-c30f-5531-8b02-7cb3dddf2f62', 'bb9eae72-644a-502c-a194-a8bf8770736e', 'D', 'Yaşam günlüğü', false, 3),
  ('68126dd0-cfb5-5a17-aac0-c92300423499', 'bb9eae72-644a-502c-a194-a8bf8770736e', 'E', 'Kuantum bilgi işlem', false, 4)
on conflict (id) do update set option_text=excluded.option_text, is_correct=excluded.is_correct, sort_order=excluded.sort_order;

insert into public.questions (id, exam_id, question_number, question_text) values
  ('0c479800-aaab-5a5b-8c47-7aec0963ca20', '7ebc0a28-f12a-5adc-8c73-64c942930014', 80, 'Yapay zekânın insan zekâsıyla aynı güce kavuştuğu noktaya verilen isim aşağıdakilerden hangisidir?')
on conflict (id) do update set question_text=excluded.question_text, question_number=excluded.question_number;
insert into public.question_options (id, question_id, option_label, option_text, is_correct, sort_order) values
  ('d023fd4f-6703-5e9a-aae0-4a20ab9de25e', '0c479800-aaab-5a5b-8c47-7aec0963ca20', 'A', 'Transhümanizm', false, 0),
  ('5da61962-cc71-5726-868e-d2c2b6ef1c1f', '0c479800-aaab-5a5b-8c47-7aec0963ca20', 'B', 'Teknolojik tekillik', true, 1),
  ('6cc67b37-718e-5cf1-a2f3-03c03f01ae3e', '0c479800-aaab-5a5b-8c47-7aec0963ca20', 'C', 'Teknolojik süreklilik', false, 2),
  ('d6a39476-eeef-5a4f-88cd-3dff92529e75', '0c479800-aaab-5a5b-8c47-7aec0963ca20', 'D', 'İnsan-bilgisayar birlikteliği', false, 3),
  ('fe6b15f2-5e42-5dc3-9b2b-e3331073540e', '0c479800-aaab-5a5b-8c47-7aec0963ca20', 'E', 'Yapay beyin', false, 4)
on conflict (id) do update set option_text=excluded.option_text, is_correct=excluded.is_correct, sort_order=excluded.sort_order;

commit;
